state,city,latitude,longitude,source
AL,Abbeville,31.564706,-85.259121,census_place
AL,Alabaster,33.214355,-86.823080,census_place
AL,Altoona,34.040014,-86.305179,census_place
AL,Andalusia,31.309436,-86.478031,census_place
AL,Ashford,31.185284,-85.236236,census_place
AL,Atmore,31.124067,-87.457798,census_place
AL,Bessemer,33.370858,-86.971522,census_place
AL,Birmingham,33.527174,-86.797036,census_place
AL,Boaz,34.199020,-86.155151,census_place
AL,Brent,32.944893,-87.172088,census_place
AL,Brewton,31.109175,-87.076583,census_place
AL,Brundidge,31.717639,-85.817550,census_place
AL,Calera,33.122319,-86.745644,census_place
AL,Centre,34.153059,-85.671683,census_place
AL,Childersburg,33.292558,-86.340864,census_place
AL,Clanton,32.845572,-86.619494,census_place
AL,Cottondale,33.193047,-87.454861,census_place
AL,Courtland,34.669946,-87.327892,census_place
AL,Creola,30.874249,-88.009536,census_place
AL,Cullman,34.176870,-86.840656,census_place
AL,Cusseta,32.787637,-85.305769,census_place
AL,Daleville,31.291534,-85.711711,census_place
AL,Decatur,34.572995,-86.989901,census_place
AL,Demopolis,32.499744,-87.826678,census_place
AL,Dothan,31.233698,-85.406823,census_place
AL,Eastaboga,33.605937,-86.021359,nominatim
AL,Enterprise,31.325529,-85.846071,census_place
AL,Eutaw,32.846247,-87.900332,census_place
AL,Evergreen,31.433216,-86.976081,census_place
AL,Fackler,34.792583,-85.909977,nominatim
AL,Falkville,34.377019,-86.909547,census_place
AL,Foley,30.397068,-87.668460,census_place
AL,Fort Payne,34.457329,-85.689447,census_place
AL,Gadsden,34.006597,-86.016078,census_place
AL,Gordon,31.143606,-85.092504,census_place
AL,Grand Bay,30.472082,-88.344401,census_place
AL,Grove Hill,31.698670,-87.772868,census_place
AL,Hamilton,34.138713,-87.970833,census_place
AL,Hanceville,34.064010,-86.764436,census_place
AL,Hartford,31.105348,-85.691225,census_place
AL,Headland,31.354974,-85.357031,census_place
AL,Heflin,33.647400,-85.569339,census_place
AL,Hope Hull,32.198998,-86.344383,census_cousub
AL,Huntsville,34.697720,-86.676670,census_place
AL,Irvington,30.506862,-88.233892,nominatim
AL,Jackson,31.532321,-87.891183,census_place
AL,Jasper,33.851110,-87.268348,census_place
AL,Jemison,32.970705,-86.733070,census_place
AL,Knoxville,33.591772,-85.897188,nominatim
AL,Lincoln,33.580169,-86.127876,census_place
AL,Lineville,33.312832,-85.752278,census_place
AL,Livingston,32.595549,-88.186929,census_place
AL,Loxley,30.684588,-87.739213,census_place
AL,Lynn,34.057591,-87.548643,census_place
AL,Madison,34.710533,-86.762280,census_place
AL,Maplesville,32.784391,-86.879694,census_place
AL,Mc Calla,33.303112,-87.026660,census_place
AL,Millbrook,32.501474,-86.373914,census_place
AL,Mobile,30.668246,-88.107853,census_place
AL,Monroeville,31.516223,-87.327714,census_place
AL,Montgomery,32.348503,-86.267307,census_place
AL,Moody,33.603429,-86.493786,census_place
AL,Moulton,34.488302,-87.282707,census_place
AL,Mount Vernon,31.087727,-88.013166,census_place
AL,Northport,33.257565,-87.596396,census_place
AL,Opelika,32.660739,-85.378890,census_place
AL,Oxford,33.596410,-85.868219,census_place
AL,Ozark,31.451615,-85.645035,census_place
AL,Pelham,33.321830,-86.742197,census_place
AL,Pell City,33.560312,-86.263634,census_place
AL,Pennington,32.200612,-88.037572,census_place
AL,Phenix City,32.453709,-85.031019,census_place
AL,Prattville,32.449041,-86.449401,census_place
AL,Robertsdale,30.557139,-87.704723,census_place
AL,SAMSON,31.112417,-86.046735,census_place
AL,Saraland,30.854573,-88.109844,census_place
AL,Satsuma,30.857874,-88.063383,census_place
AL,Scottsboro,34.644620,-86.048155,census_place
AL,Selma,32.416983,-87.035702,census_place
AL,Shorter,32.411501,-85.972808,census_place
AL,Smiths Station,32.522852,-85.099425,census_place
AL,Steele,33.941378,-86.192107,census_place
AL,Sylacauga,33.188670,-86.274799,census_place
AL,Theodore,30.538686,-88.187573,census_place
AL,Thomasville,31.915011,-87.737204,census_place
AL,Troy,31.801960,-85.967130,census_place
AL,Tuscaloosa,33.234404,-87.528300,census_place
AL,Tuscumbia,34.718502,-87.702586,census_place
AL,Tuskegee,32.418723,-85.682509,census_place
AL,Valley,32.801427,-85.204438,census_place
AL,Vance,33.173992,-87.226627,census_place
AL,Warrior,33.814858,-86.815650,census_place
AL,Wetumpka,32.540376,-86.206999,census_place
AL,Winfield,33.934717,-87.791310,census_place
AR,Alma,35.492375,-94.213947,census_place
AR,Arkadelphia,34.127380,-93.070851,census_place
AR,Ashdown,33.674529,-94.126627,census_place
AR,Atkins,35.240863,-92.949643,census_place
AR,Bald Knob,35.312539,-91.571253,census_place
AR,Batesville,35.768572,-91.622652,census_place
AR,Beebe,35.072433,-91.901059,census_place
AR,Benton,34.577424,-92.572583,census_place
AR,Black Rock,36.106237,-91.107480,census_place
AR,Blytheville,35.934066,-89.905133,census_place
AR,Boles,34.788119,-94.049397,census_place
AR,Brinkley,34.889781,-91.189819,census_place
AR,Bryant,34.615059,-92.491338,census_place
AR,Cabot,34.975106,-92.028288,census_place
AR,Carlisle,34.795425,-91.740494,census_place
AR,Cave City,35.947801,-91.546977,census_place
AR,Clarksville,35.453918,-93.481558,census_place
AR,Clinton,35.578981,-92.455735,census_place
AR,Conway,35.074404,-92.467004,census_place
AR,Corning,36.413682,-90.583609,census_place
AR,Dumas,33.883372,-91.485632,census_place
AR,Earle,35.273379,-90.464304,census_place
AR,El Dorado,33.218982,-92.664071,census_place
AR,Fayetteville,36.071455,-94.166564,census_place
AR,Forrest City,35.013599,-90.793207,census_place
AR,Fort Smith,35.349276,-94.370883,census_place
AR,Gassville,36.284949,-92.486830,census_place
AR,Greenbrier,35.228811,-92.383563,census_place
AR,Gurdon,33.916032,-93.153910,census_place
AR,Hardy,36.319645,-91.481503,census_place
AR,Harrison,36.242592,-93.117650,census_place
AR,Hazen,34.781368,-91.558058,census_place
AR,Hensley,34.510410,-92.209517,census_place
AR,Huntsville,36.098656,-93.733244,census_place
AR,Jacksonville,34.880512,-92.130590,census_place
AR,Jonesboro,35.819755,-90.679033,census_place
AR,Lake City,35.819370,-90.453905,census_place
AR,Lake Village,33.329180,-91.284794,census_place
AR,Little Rock,34.725393,-92.358556,census_place
AR,Lonoke,34.790501,-91.907362,census_place
AR,Lowell,36.255855,-94.153356,census_place
AR,Magnolia,33.276698,-93.226247,census_place
AR,Malvern,34.373579,-92.821250,census_place
AR,Mansfield,35.063915,-94.234269,census_place
AR,Marion,35.204246,-90.206715,census_place
AR,Maumelle,34.852344,-92.399995,census_place
AR,Mc Crory,35.257326,-91.197276,census_place
AR,Morrilton,35.155456,-92.738932,census_place
AR,Mulberry,35.508500,-94.074753,census_place
AR,Newport,35.623772,-91.231682,census_place
AR,North Little Rock,34.781752,-92.235057,census_place
AR,Osceola,35.690217,-89.988295,census_place
AR,Ozark,35.501858,-93.848378,census_place
AR,Palestine,34.970307,-90.908225,census_place
AR,Pine Bluff,34.211591,-92.017555,census_place
AR,Pocahontas,36.263366,-90.971224,census_place
AR,Portia,36.084865,-91.071044,census_place
AR,Prescott,33.804320,-93.391207,census_place
AR,Rogers,36.318085,-94.152287,census_place
AR,Russellville,35.276328,-93.138743,census_place
AR,Searcy,35.241134,-91.735223,census_place
AR,Sheridan,34.321575,-92.443067,census_place
AR,Springdale,36.191438,-94.155062,census_place
AR,Stuttgart,34.495233,-91.548638,census_place
AR,Texarkana,33.436339,-93.987118,census_place
AR,Trumann,35.676980,-90.526094,census_place
AR,Turrell,35.374609,-90.270384,census_place
AR,Warren,33.611829,-92.067718,census_place
AR,West Helena,34.544012,-90.642619,nominatim
AR,West Memphis,35.149554,-90.199266,census_place
AR,Wheatley,34.921186,-91.106255,census_place
AR,White Hall,34.275179,-92.100649,census_place
AR,Widener,35.023498,-90.681934,census_place
AZ,Apache Junction,33.382766,-111.540509,census_place
AZ,Ash Fork,35.217187,-112.491300,census_place
AZ,Avondale,33.313236,-112.328928,census_place
AZ,Bellemont,35.242489,-111.813789,census_place
AZ,Benson,31.914497,-110.328552,census_place
AZ,Bowie,32.324880,-109.484456,census_place
AZ,Buckeye,33.431573,-112.641626,census_place
AZ,Chandler,33.282765,-111.851819,census_place
AZ,Claypool,33.406101,-110.841873,census_place
AZ,Dewey,34.517396,-112.249650,census_place
AZ,Ehrenberg,33.614208,-114.483007,census_place
AZ,Eloy,32.741255,-111.594015,census_place
AZ,Flagstaff,35.185212,-111.620698,census_place
AZ,Gila Bend,32.966242,-112.715465,census_place
AZ,Glendale,33.533111,-112.189901,census_place
AZ,Globe,33.393642,-110.741106,census_place
AZ,Holbrook,34.904624,-110.167210,census_place
AZ,Joseph City,34.963693,-110.329039,census_place
AZ,Kingman,35.216992,-114.010529,census_place
AZ,Lake Havasu City,34.499809,-114.310943,census_place
AZ,Litchfield Park,33.501761,-112.359470,census_place
AZ,Littlefield,36.865925,-113.935976,census_place
AZ,Lupton,35.354743,-109.052817,census_place
AZ,Marana,32.465939,-111.135401,census_place
AZ,Mayer,34.423271,-112.240747,census_place
AZ,Mesa,33.400626,-111.716487,census_place
AZ,Nogales,31.361928,-110.934820,census_place
AZ,Page,36.941815,-111.513283,census_place
AZ,Payson,34.243841,-111.318964,census_place
AZ,Phoenix,33.572154,-112.090132,census_place
AZ,Prescott,34.592241,-112.446733,census_place
AZ,Quartzsite,33.667507,-114.217041,census_place
AZ,Rio Rico,31.498168,-110.987798,census_place
AZ,Safford,32.833298,-109.697418,census_place
AZ,Salome,33.777771,-113.606047,census_place
AZ,San Simon,32.268169,-109.230200,census_place
AZ,Show Low,34.265053,-110.038321,census_place
AZ,Sierra Vista,31.565410,-110.314508,census_place
AZ,Springerville,34.171921,-109.306892,census_place
AZ,Surprise,33.670801,-112.452546,census_place
AZ,Tacna,32.700435,-113.961785,census_place
AZ,Tolleson,33.448370,-112.256012,census_place
AZ,Tonopah,33.487986,-112.930811,census_place
AZ,Tucson,32.153036,-110.870773,census_place
AZ,Wikieup,34.693034,-113.599504,census_place
AZ,Willcox,32.251804,-109.835698,census_place
AZ,Williams,35.246640,-112.183296,census_place
AZ,Willow Beach,35.869780,-114.660065,nominatim
AZ,Winslow,35.024236,-110.709331,census_place
AZ,Wittmann,33.774957,-112.525091,census_place
AZ,Yucca,34.862993,-114.146145,census_place
AZ,Yuma,32.516286,-114.521782,census_place
CA,Brawley,32.978454,-115.528569,census_place
CA,Calexico,32.684859,-115.494738,census_place
CA,Coachella,33.690380,-116.143128,census_place
CA,El Centro,32.786351,-115.560206,census_place
CA,Jacumba,32.636478,-116.190706,census_place
CA,Thermal,33.626195,-116.130834,census_place
CA,Westmorland,33.038996,-115.622441,census_place
CO,Alamosa,37.474528,-105.876956,census_place
CO,Atwood,40.550477,-103.274598,census_place
CO,Aurora,39.709537,-104.720509,census_place
CO,Bennett,39.741727,-104.428719,census_place
CO,Berthoud,40.284675,-104.965515,census_place
CO,Brighton,39.965699,-104.794170,census_place
CO,Brush,40.259263,-103.636334,census_place
CO,Burlington,39.304169,-102.271412,census_place
CO,Canon City,38.441886,-105.220899,census_place
CO,Colorado City,37.939379,-104.843082,census_place
CO,Colorado Springs,38.867255,-104.760749,census_place
CO,Commerce City,39.882792,-104.794908,census_place
CO,Cortez,37.349783,-108.576687,census_place
CO,Craig,40.517060,-107.555396,census_place
CO,Crook,40.858779,-102.801383,census_place
CO,De Beque,39.309989,-108.204999,census_place
CO,Denver,39.761850,-104.881105,census_place
CO,Dumont,39.764689,-105.600337,nominatim
CO,Durango,37.264534,-107.874124,census_place
CO,Eads,38.481648,-102.779823,census_place
CO,Eaton,40.525685,-104.712987,census_place
CO,Erie,40.040287,-105.038310,census_place
CO,Evans,40.350165,-104.748355,census_place
CO,Fort Collins,40.548216,-105.064833,census_place
CO,Fort Morgan,40.253003,-103.788652,census_place
CO,Fountain,38.689020,-104.680559,census_place
CO,Fruita,39.155567,-108.729584,census_place
CO,Golden,39.742483,-105.210561,census_place
CO,Grand Junction,39.089062,-108.567452,census_place
CO,Greeley,40.416576,-104.773280,census_place
CO,Hudson,40.091746,-104.593741,census_place
CO,Johnstown,40.307248,-104.911205,census_place
CO,Keenesburg,40.155173,-104.563420,census_place
CO,Kersey,40.395585,-104.578334,census_place
CO,Kremmling,40.056542,-106.378216,census_place
CO,Lamar,38.075971,-102.614723,census_place
CO,Limon,39.265074,-103.685911,census_place
CO,Longmont,40.168199,-105.100522,census_place
CO,Mead,40.227002,-104.988320,census_place
CO,Meeker,40.049953,-107.894584,census_place
CO,Montrose,38.468893,-107.858983,census_place
CO,Monument,39.074406,-104.844221,census_place
CO,Palisade,39.107931,-108.357330,census_place
CO,Parachute,39.446788,-108.052083,census_place
CO,Pueblo,38.269228,-104.610816,census_place
CO,Rifle,39.537565,-107.770344,census_place
CO,Seibert,39.297967,-102.869524,census_place
CO,Silt,39.547978,-107.652736,census_place
CO,Sterling,40.620487,-103.192582,census_place
CO,Towaoc,37.212599,-108.726461,census_place
CO,Trinidad,37.173157,-104.490326,census_place
CO,Walsenburg,37.630598,-104.781719,census_place
CO,Watkins,39.698399,-104.577223,census_place
CO,Wellington,40.700703,-105.005699,census_place
CO,Wheat Ridge,39.772675,-105.104801,census_place
CO,Wiggins,40.228425,-104.072134,census_place
CO,Windsor,40.478273,-104.915053,census_place
CO,Wray,40.079920,-102.228597,census_place
CO,Yuma,40.122511,-102.715636,census_place
CT,Branford,41.279949,-72.785950,census_cousub
CT,Bridgeport,41.187393,-73.195757,census_place
CT,Danbury,41.398741,-73.478103,census_place
CT,Darien,41.052150,-73.479714,census_cousub
CT,East Granby,41.929719,-72.745378,census_cousub
CT,East Lyme,41.356068,-72.229841,census_cousub
CT,East Windsor,41.904009,-72.564473,census_cousub
CT,Hartford,41.765933,-72.681579,census_place
CT,Madison,41.344479,-72.624543,census_cousub
CT,Milford,41.223644,-73.064556,census_place
CT,Milldale,41.566137,-72.899967,nominatim
CT,New Haven,41.310809,-72.924953,census_place
CT,North Haven,41.381465,-72.856371,census_place
CT,North Stonington,41.470969,-71.872525,census_cousub
CT,Plainfield,41.693613,-71.900776,census_cousub
CT,South Windsor,41.838090,-72.577836,census_cousub
CT,Waterbury,41.558500,-73.036685,census_place
CT,West Haven,41.272121,-72.967497,census_place
CT,Willington,41.897267,-72.251848,census_cousub
DE,Bridgeville,38.725150,-75.602811,census_place
DE,Felton,39.012645,-75.576588,census_place
DE,Greenwood,38.807163,-75.589996,census_place
DE,Laurel,38.571457,-75.571134,census_place
DE,Middletown,39.443394,-75.717504,census_place
DE,New Castle,39.670017,-75.566519,census_place
DE,Newark,39.677649,-75.757479,census_place
DE,Seaford,38.657254,-75.613378,census_place
FL,Baker,30.840277,-86.704096,census_cousub
FL,Bartow,27.886803,-81.821758,census_place
FL,Blountstown,30.442850,-85.045401,census_place
FL,Bonita Springs,26.355011,-81.784234,census_place
FL,Boynton Beach,26.528334,-80.080722,census_place
FL,Bradenton,27.489798,-82.576804,census_place
FL,Branford,29.962250,-82.924284,census_place
FL,Brooksville,28.516578,-82.404665,census_place
FL,Bushnell,28.686946,-82.114406,census_place
FL,Callahan,30.565441,-81.831911,census_place
FL,Chiefland,29.492246,-82.866334,census_place
FL,Clearwater,27.979419,-82.771256,census_place
FL,Cocoa,28.376643,-80.763306,census_place
FL,Cottondale,30.789730,-85.366039,census_place
FL,Dade City,28.352630,-82.194158,census_place
FL,Davenport,28.161193,-81.610839,census_place
FL,Defuniak Springs,30.706132,-86.118570,census_place
FL,Ellenton,27.526580,-82.526683,census_place
FL,Fort Lauderdale,26.141227,-80.146731,census_place
FL,Fort Myers,26.619820,-81.831673,census_place
FL,Fort Pierce,27.426112,-80.342488,census_place
FL,Gainesville,29.679537,-82.346793,census_place
FL,Grand Ridge,30.704110,-85.022609,census_place
FL,Haines City,28.112817,-81.616537,census_place
FL,Hastings,29.714390,-81.499154,census_place
FL,Hawthorne,29.593677,-82.094467,census_place
FL,Hialeah,25.869941,-80.302865,census_place
FL,Homestead,25.466694,-80.444342,census_place
FL,Hosford,30.403387,-84.808087,census_place
FL,Hudson,28.359232,-82.689659,census_place
FL,Immokalee,26.424012,-81.421556,census_place
FL,Jacksonville,30.336864,-81.661603,census_place
FL,Jasper,30.455935,-82.934214,census_place
FL,Jennings,30.596821,-83.106994,census_place
FL,Jupiter,26.918551,-80.116940,census_place
FL,Kissimmee,28.302780,-81.417831,census_place
FL,Labelle,26.720952,-81.452477,census_place
FL,Lake Butler,30.061407,-82.379975,census_cousub
FL,Lake City,30.188638,-82.642246,census_place
FL,Lake Panasoffkee,28.784289,-82.123072,census_place
FL,Lake Placid,27.302605,-81.371476,census_place
FL,Lake Wales,27.920697,-81.599505,census_place
FL,Lakeland,28.055496,-81.954772,census_place
FL,Lamont,30.379675,-83.813376,census_place
FL,Land O Lakes,28.208307,-82.445842,census_place
FL,Lawtey,30.048440,-82.072478,census_place
FL,Lecanto,28.825092,-82.499791,census_place
FL,Lee,30.413101,-83.304142,census_place
FL,Leesburg,28.717206,-81.903089,census_place
FL,Live Oak,30.295650,-82.985117,census_place
FL,Macclenny,30.281052,-82.125906,census_place
FL,Madison,30.471487,-83.413453,census_place
FL,Marathon,24.732338,-81.025122,census_place
FL,Marianna,30.761445,-85.256258,census_place
FL,Mascotte,28.604341,-81.905549,census_place
FL,Mc Alpin,30.194189,-82.917342,census_cousub
FL,Miami,25.775163,-80.208615,census_place
FL,Middleburg,30.050226,-81.901075,census_place
FL,Midway,30.405055,-87.009612,census_cousub
FL,Milton,30.629636,-87.051407,census_place
FL,Mims,28.691319,-80.843999,census_place
FL,Moore Haven,26.833752,-81.098451,census_place
FL,Nokomis,27.123799,-82.435785,census_place
FL,North Fort Myers,26.717956,-81.845811,census_place
FL,Ocala,29.177510,-82.151025,census_place
FL,Okeechobee,27.241608,-80.829311,census_place
FL,Opa Locka,25.899998,-80.255219,census_place
FL,Orlando,28.408650,-81.254805,census_place
FL,Ormond Beach,29.293276,-81.101447,census_place
FL,Palatka,29.644871,-81.676737,census_place
FL,Palm Bay,27.954802,-80.664962,census_place
FL,Palmetto,27.525050,-82.574964,census_place
FL,Panama City,30.166271,-85.670191,census_place
FL,Pensacola,30.440989,-87.191242,census_place
FL,Perry,30.109053,-83.582275,census_place
FL,Pierson,29.241647,-81.456640,census_place
FL,Plant City,28.015355,-82.117805,census_place
FL,Polk City,28.180471,-81.830032,census_place
FL,Pompano Beach,26.241622,-80.133851,census_place
FL,Punta Gorda,26.897754,-82.065812,census_place
FL,Reddick,29.368698,-82.197561,census_place
FL,Saint Augustine,29.896152,-81.311128,census_place
FL,San Antonio,28.339858,-82.278605,census_place
FL,Sebring,27.471396,-81.451568,census_place
FL,Seffner,28.001639,-82.274077,census_place
FL,South Bay,26.688379,-80.735526,census_place
FL,Summerfield,29.008592,-82.034809,nominatim
FL,Tallahassee,30.453529,-84.252272,census_place
FL,Tampa,27.970086,-82.479673,census_place
FL,Vero Beach,27.647220,-80.393136,census_place
FL,Waldo,29.792038,-82.166931,census_place
FL,Webster,28.612509,-82.050094,census_place
FL,West Palm Beach,26.745114,-80.127038,census_place
FL,Wildwood,28.805813,-82.007324,census_place
FL,Winter Garden,28.541217,-81.597043,census_place
FL,Youngstown,30.398681,-85.458991,census_cousub
FL,Yulee,30.635418,-81.569584,census_place
FL,Zellwood,28.721898,-81.573234,census_place
GA,ALBANY,31.578117,-84.176224,census_place
GA,Acworth,34.061991,-84.681121,census_place
GA,Adairsville,34.370846,-84.921192,census_place
GA,Adel,31.124800,-83.425485,census_place
GA,Albany,31.578117,-84.176224,census_place
GA,Alma,31.543326,-82.475577,census_place
GA,Alpharetta,34.070866,-84.272650,census_place
GA,Americus,32.074377,-84.222829,census_place
GA,Athens,33.949597,-83.370088,census_place
GA,Atlanta,33.762909,-84.422675,census_place
GA,Attapulgus,30.749490,-84.483886,census_place
GA,Augusta,33.365531,-82.073422,census_place
GA,Bainbridge,30.906213,-84.572652,census_place
GA,Baxley,31.764753,-82.349254,census_place
GA,Bethlehem,33.937948,-83.709982,census_place
GA,Blackshear,31.290828,-82.252927,census_place
GA,Bloomingdale,32.124998,-81.308387,census_place
GA,Blythe,33.303066,-82.207357,census_place
GA,Braselton,34.107616,-83.812908,census_place
GA,Bremen,33.710765,-85.151897,census_place
GA,Brunswick,31.136149,-81.466936,census_place
GA,Buena Vista,32.318481,-84.517564,census_place
GA,Byron,32.649497,-83.747954,census_place
GA,Cairo,30.879229,-84.205505,census_place
GA,Calhoun,34.499792,-84.933058,census_place
GA,Camilla,31.234057,-84.209563,census_place
GA,Carnesville,34.376763,-83.234483,census_place
GA,Cartersville,34.164579,-84.801704,census_place
GA,Chatsworth,34.781091,-84.782472,census_place
GA,Clarkesville,34.609289,-83.527470,census_place
GA,Columbus,32.510191,-84.874946,census_place
GA,Commerce,34.214298,-83.475713,census_place
GA,Conley,33.642273,-84.334334,census_place
GA,Cordele,31.956090,-83.770077,census_place
GA,Crawfordville,33.554641,-82.896695,census_place
GA,Cusseta,32.347445,-84.788021,census_place
GA,Cuthbert,31.770686,-84.793575,census_place
GA,Dacula,33.981967,-83.901080,census_place
GA,Dalton,34.767898,-84.972812,census_place
GA,Darien,31.343489,-81.424103,census_place
GA,Dawson,31.771864,-84.443499,census_place
GA,Dawsonville,34.433651,-84.124449,census_place
GA,Donalsonville,31.039691,-84.878424,census_place
GA,Douglas,31.506114,-82.854335,census_place
GA,Dublin,32.535471,-82.928807,census_place
GA,Dudley,32.533480,-83.083619,census_place
GA,East Dublin,32.546925,-82.866967,census_place
GA,Eatonton,33.325821,-83.388862,census_place
GA,Elberton,34.104921,-82.872760,census_place
GA,Ellabell,32.123537,-81.485667,nominatim
GA,Ellenwood,33.610110,-84.287978,nominatim
GA,Emerson,34.131182,-84.745362,census_place
GA,Fairburn,33.547798,-84.587265,census_place
GA,Folkston,30.839068,-82.007342,census_place
GA,Forest Park,33.620543,-84.358181,census_place
GA,Forsyth,33.039361,-83.934443,census_place
GA,Fort Valley,32.551114,-83.879939,census_place
GA,Fortson,33.377891,-84.288812,nominatim
GA,Gainesville,34.290100,-83.829106,census_place
GA,Gordon,32.886187,-83.333588,census_place
GA,Greensboro,33.563569,-83.189093,census_place
GA,Griffin,33.243188,-84.271861,census_place
GA,Grovetown,33.449769,-82.207966,census_place
GA,Guyton,32.332270,-81.390385,census_place
GA,Hahira,30.992155,-83.377258,census_place
GA,Hampton,33.377704,-84.298974,census_place
GA,Harlem,33.435349,-82.316065,census_place
GA,Hawkinsville,32.301182,-83.478856,census_place
GA,Hazlehurst,31.864128,-82.599276,census_place
GA,Hephzibah,33.292300,-82.095732,census_place
GA,Hogansville,33.166986,-84.902788,census_place
GA,Homerville,31.038226,-82.742081,census_place
GA,Jackson,33.292359,-83.967846,census_place
GA,Jasper,34.466199,-84.435863,census_place
GA,Jefferson,34.136239,-83.602157,census_place
GA,Jeffersonville,32.686289,-83.342676,census_place
GA,Jesup,31.594574,-81.895699,census_place
GA,Kingsland,30.846097,-81.790911,census_place
GA,Lagrange,33.026980,-85.038261,census_place
GA,Lake Park,30.685560,-83.187704,census_place
GA,Leesburg,31.732058,-84.168546,census_place
GA,Lithia Springs,33.782487,-84.648488,census_place
GA,Lithonia,33.712954,-84.106200,census_place
GA,Louisville,32.992865,-82.397188,census_place
GA,Lula,34.398088,-83.661905,census_place
GA,Lumber City,31.933052,-82.683197,census_place
GA,Macon,32.808990,-83.694060,census_place
GA,Madison,33.579038,-83.475971,census_place
GA,Marietta,33.953561,-84.542463,census_place
GA,Mcdonough,33.442222,-84.150963,census_place
GA,Metter,32.394510,-82.062432,census_place
GA,Midland,32.574861,-84.827152,nominatim
GA,Midway,31.801003,-81.416664,census_place
GA,Millen,32.806892,-81.942039,census_place
GA,Monroe,33.797481,-83.718728,census_place
GA,Moultrie,31.179430,-83.790786,census_place
GA,Newnan,33.375833,-84.777324,census_place
GA,Ocilla,31.598633,-83.249809,census_place
GA,Palmetto,33.536038,-84.673791,census_place
GA,Pelham,31.126639,-84.151459,census_place
GA,Perry,32.473708,-83.727809,census_place
GA,Pinehurst,32.196212,-83.759519,census_place
GA,Pooler,32.105635,-81.256032,census_place
GA,Port Wentworth,32.192015,-81.205725,census_place
GA,Pulaski,32.390651,-81.953437,census_place
GA,Rabun Gap,34.957214,-83.386454,nominatim
GA,Register,32.364530,-81.880493,census_place
GA,Resaca,34.579365,-84.943824,census_place
GA,Richland,32.088762,-84.662001,census_place
GA,Richmond Hill,31.900191,-81.310077,census_place
GA,Rincon,32.294690,-81.235348,census_place
GA,Ringgold,34.913661,-85.121510,census_place
GA,Rising Fawn,34.760079,-85.531076,nominatim
GA,Rockmart,34.008306,-85.044978,census_place
GA,Rome,34.266133,-85.186052,census_place
GA,Saint Marys,30.756672,-81.578449,census_place
GA,Savannah,32.018043,-81.196492,census_place
GA,Soperton,32.378268,-82.594019,census_place
GA,Statesboro,32.437726,-81.775637,census_place
GA,Stone Mountain,33.804187,-84.171420,census_place
GA,Surrency,31.721916,-82.197823,census_place
GA,Sycamore,31.671652,-83.635525,census_place
GA,Sylvania,32.747226,-81.640693,census_place
GA,Tallapoosa,33.736656,-85.287358,census_place
GA,Taylorsville,34.085129,-84.985629,census_place
GA,Temple,33.733245,-85.027295,census_place
GA,Tennille,32.936618,-82.812071,census_place
GA,Thomasville,30.839422,-83.978781,census_place
GA,Thomson,33.469270,-82.495116,census_place
GA,Tifton,31.462099,-83.520499,census_place
GA,Twin City,32.582227,-82.159379,census_place
GA,Union Point,33.618816,-83.075036,census_place
GA,Valdosta,30.850126,-83.278833,census_place
GA,Vidalia,32.212079,-82.402187,census_place
GA,Vienna,32.092747,-83.786839,census_place
GA,Villa Rica,33.728365,-84.916662,census_place
GA,Waco,33.702600,-85.189244,census_place
GA,Wadley,32.864790,-82.402802,census_place
GA,Warrenton,33.407657,-82.665124,census_place
GA,Waycross,31.211006,-82.357658,census_place
GA,Waynesboro,33.091279,-82.014290,census_place
GA,West Point,32.898518,-85.141499,census_place
GA,Whitesburg,33.492068,-84.914300,census_place
GA,Wildwood,34.966937,-85.421501,census_place
GA,Willacoochee,31.335094,-83.044003,census_place
GA,Woodbine,30.959855,-81.718098,census_place
GA,Wrens,33.207434,-82.387583,census_place
GA,Wrightsville,32.726812,-82.719072,census_place
GA,Zebulon,33.090996,-84.339467,census_place
IA,Ainsworth,41.290050,-91.554266,census_place
IA,Algona,43.076345,-94.231746,census_place
IA,Altoona,41.650639,-93.480018,census_place
IA,Ames,42.026327,-93.621264,census_place
IA,Anamosa,42.108825,-91.275205,census_place
IA,Ankeny,41.730164,-93.601083,census_place
IA,Atalissa,41.571687,-91.166454,census_place
IA,Audubon,41.718019,-94.928372,census_place
IA,Avoca,41.482816,-95.337261,census_place
IA,Batavia,40.994954,-92.167346,census_place
IA,Bettendorf,41.566836,-90.476879,census_place
IA,Bevington,41.359945,-93.784239,census_place
IA,Bondurant,41.696987,-93.451486,census_place
IA,Brooklyn,41.732052,-92.444981,census_place
IA,Calmar,43.181104,-91.867965,census_place
IA,Carroll,42.070321,-94.864597,census_place
IA,Cedar Falls,42.519070,-92.454009,census_place
IA,Cedar Rapids,41.964190,-91.679170,census_place
IA,Center Point,42.183811,-91.780478,census_place
IA,Centerville,40.729839,-92.872033,census_place
IA,Chariton,41.017447,-93.309629,census_place
IA,Charles City,43.064760,-92.674457,census_place
IA,Clarence,41.885751,-91.057925,census_place
IA,Clear Lake,43.135090,-93.373651,census_place
IA,Clinton,41.842365,-90.242816,census_place
IA,Clive,41.613243,-93.797871,census_place
IA,Colfax,41.679794,-93.236280,census_place
IA,Coralville,41.698795,-91.596800,census_place
IA,Correctionville,42.477592,-95.783158,census_place
IA,Council Bluffs,41.235987,-95.853163,census_place
IA,Cresco,43.371746,-92.116287,census_place
IA,Creston,41.060314,-94.364727,census_place
IA,Davenport,41.556820,-90.603948,census_place
IA,De Soto,41.537777,-94.009953,census_place
IA,De Witt,41.822712,-90.544087,census_place
IA,Decorah,43.301618,-91.784750,census_place
IA,Delaware,42.472106,-91.338269,census_place
IA,Denison,42.015886,-95.352404,census_place
IA,Denver,42.668220,-92.333942,census_place
IA,Des Moines,41.572590,-93.610243,census_place
IA,Dows,42.658364,-93.502041,census_place
IA,Dubuque,42.498901,-90.707258,census_place
IA,Duncombe,42.469788,-93.996792,census_place
IA,Early,42.461098,-95.152411,census_place
IA,Eddyville,41.159335,-92.630333,census_place
IA,Ellsworth,42.310239,-93.581877,census_place
IA,Emmetsburg,43.114798,-94.679579,census_place
IA,Estherville,43.399735,-94.834216,census_place
IA,Evansdale,42.465698,-92.269402,census_place
IA,Floyd,43.128185,-92.739944,census_place
IA,Forest City,43.257083,-93.636556,census_place
IA,Fort Dodge,42.509863,-94.175675,census_place
IA,Fort Madison,40.621463,-91.346257,census_place
IA,Garner,43.099971,-93.603118,census_place
IA,Greene,42.896506,-92.803538,census_place
IA,Grinnell,41.735236,-92.724902,census_place
IA,Guttenberg,42.788556,-91.108775,census_place
IA,Hampton,42.741989,-93.204992,census_place
IA,Hinton,42.622790,-96.298150,census_place
IA,Holland,42.400127,-92.798835,census_place
IA,Holstein,42.487149,-95.542877,census_place
IA,Huxley,41.896045,-93.592499,census_place
IA,Independence,42.462193,-91.903152,census_place
IA,Iowa City,41.655661,-91.530859,census_place
IA,Iowa Falls,42.519169,-93.266050,census_place
IA,Janesville,42.645805,-92.462397,census_place
IA,Jefferson,42.017743,-94.379422,census_place
IA,Latimer,42.762921,-93.365518,census_place
IA,Le Mars,42.781514,-96.173311,census_place
IA,Lime Springs,43.449899,-92.284064,census_place
IA,Manchester,42.485339,-91.456086,census_place
IA,Manning,41.909630,-95.064442,census_place
IA,Manson,42.528638,-94.540064,census_place
IA,Maquoketa,42.060530,-90.663862,census_place
IA,Marcus,42.822401,-95.806842,census_place
IA,Marion,42.044596,-91.586160,census_place
IA,Marshalltown,42.034300,-92.906266,census_place
IA,Mason City,43.147762,-93.200403,census_place
IA,Mediapolis,41.007867,-91.163720,census_place
IA,Milford,43.341717,-95.145709,census_place
IA,Minden,41.469409,-95.543198,census_place
IA,Missouri Valley,41.559319,-95.902635,census_place
IA,Monona,43.049843,-91.391056,census_place
IA,Monroe,41.518945,-93.103739,census_place
IA,Monticello,42.230425,-91.185925,census_place
IA,Mount Ayr,40.714071,-94.237225,census_place
IA,Mount Pleasant,40.962205,-91.547162,census_place
IA,Muscatine,41.419058,-91.067946,census_place
IA,Neola,41.451904,-95.618914,census_place
IA,Nevada,42.017490,-93.469674,census_place
IA,New Hampton,43.056219,-92.314725,census_place
IA,New Virginia,41.181764,-93.731070,census_place
IA,Newton,41.696337,-93.040512,census_place
IA,North Liberty,41.743617,-91.611218,census_place
IA,Northwood,43.444091,-93.215969,census_place
IA,Odebolt,42.311842,-95.254378,census_place
IA,Oelwein,42.671581,-91.912787,census_place
IA,Onawa,42.026476,-96.090917,census_place
IA,Osceola,41.034955,-93.786603,census_place
IA,Ottumwa,41.022251,-92.423263,census_place
IA,Pacific Junction,41.017975,-95.799453,census_place
IA,Parkersburg,42.573851,-92.778450,census_place
IA,Pella,41.404715,-92.917412,census_place
IA,Peosta,42.447214,-90.841426,census_place
IA,Percival,40.751269,-95.813266,census_place
IA,Perry,41.837907,-94.093255,census_place
IA,Polk City,41.781886,-93.722758,census_place
IA,Postville,43.084388,-91.567795,census_place
IA,Red Oak,41.014130,-95.224371,census_place
IA,Riverside,41.483235,-91.572195,census_place
IA,Rock Rapids,43.426699,-96.166393,census_place
IA,Rockwell City,42.398125,-94.628870,census_place
IA,Sheffield,42.888763,-93.207143,census_place
IA,Shelby,41.505574,-95.449363,census_place
IA,Sheldon,43.179654,-95.843353,census_place
IA,Sibley,43.401476,-95.743031,census_place
IA,Sigourney,41.333974,-92.204448,census_place
IA,Sioux Center,43.074846,-96.170651,census_place
IA,Sioux City,42.495380,-96.389495,census_place
IA,Sloan,42.233062,-96.224830,census_place
IA,Spencer,43.147025,-95.152691,census_place
IA,Spirit Lake,43.416659,-95.113071,census_place
IA,Storm Lake,42.642951,-95.196463,census_place
IA,Story City,42.185743,-93.586885,census_place
IA,Stuart,41.500464,-94.318105,census_place
IA,Tama,41.965123,-92.573799,census_place
IA,Tiffin,41.705183,-91.653593,census_place
IA,Tipton,41.770121,-91.128281,census_place
IA,Toledo,41.990174,-92.580342,census_place
IA,Underwood,41.380243,-95.682510,census_place
IA,Urbana,42.229835,-91.885511,census_place
IA,Urbandale,41.636656,-93.779889,census_place
IA,Vinton,42.163106,-92.026206,census_place
IA,Walcott,41.587319,-90.780518,census_place
IA,Walnut,41.489453,-95.219669,census_place
IA,Wapello,41.177222,-91.188991,census_place
IA,Washington,41.297913,-91.693671,census_place
IA,Waterloo,42.492327,-92.351947,census_place
IA,Webster City,42.462423,-93.818201,census_place
IA,Welton,41.905503,-90.595614,census_place
IA,West Burlington,40.821628,-91.175475,census_place
IA,West Liberty,41.572995,-91.262639,census_place
IA,Wever,40.705655,-91.228102,census_place
IA,Williams,42.489193,-93.541245,census_place
IA,Williamsburg,41.668884,-92.013249,census_place
ID,American Falls,42.782846,-112.854211,census_place
ID,Blackfoot,43.194595,-112.346811,census_place
ID,Bliss,42.924284,-114.947516,census_place
ID,Boise,43.616616,-116.200886,nominatim
ID,Bonners Ferry,48.693374,-116.318360,census_place
ID,Caldwell,43.645880,-116.659336,census_place
ID,Council,44.733195,-116.436837,census_place
ID,Downey,42.428917,-112.123320,census_place
ID,Dubois,44.171161,-112.228278,census_place
ID,Eden,42.605309,-114.209087,census_place
ID,Fort Hall,43.014547,-112.457870,census_place
ID,Franklin,42.009503,-111.802183,census_place
ID,Fruitland,44.016796,-116.920703,census_place
ID,Grangeville,45.925826,-116.121916,census_place
ID,Heyburn,42.559982,-113.762067,census_place
ID,Idaho Falls,43.489616,-112.035340,census_place
ID,Jerome,42.718095,-114.515791,census_place
ID,Lewiston,46.393130,-116.993472,census_place
ID,Malad City,42.189909,-112.249688,census_place
ID,Marsing,43.546360,-116.810422,census_place
ID,Mccammon,42.648236,-112.189394,census_place
ID,Montpelier,42.325992,-111.298826,census_place
ID,Mountain Home,43.131833,-115.696716,census_place
ID,Nampa,43.584972,-116.562935,census_place
ID,Pocatello,42.872748,-112.463836,census_place
ID,Post Falls,47.725559,-116.944167,census_place
ID,Twin Falls,42.563807,-114.460597,census_place
ID,Wilder,43.677492,-116.907579,census_place
IL,Addison,41.930782,-88.008987,census_place
IL,Alsip,41.670270,-87.737085,census_place
IL,Altamont,39.056115,-88.746922,census_place
IL,Annawan,41.396382,-89.890567,census_place
IL,Atkinson,41.413245,-90.005345,census_place
IL,Atlanta,40.263574,-89.230845,census_place
IL,Barry,39.698310,-91.039918,census_place
IL,Batavia,41.847692,-88.311047,census_place
IL,Bedford Park,41.767773,-87.772556,census_place
IL,Bellwood,41.882901,-87.876170,census_place
IL,Belvidere,42.265448,-88.887758,census_place
IL,Bensenville,41.958011,-87.943825,census_place
IL,Benton,38.013187,-88.917281,census_place
IL,Berwyn,41.843333,-87.790926,census_place
IL,Bloomingdale,41.951525,-88.089118,census_place
IL,Bloomington,40.475777,-88.969912,census_place
IL,Bolingbrook,41.687466,-88.106215,census_place
IL,Bourbonnais,41.182994,-87.878473,census_place
IL,Bridgeview,41.740280,-87.806682,census_place
IL,Brighton,39.040863,-90.140041,census_place
IL,Burbank,41.744410,-87.768568,census_place
IL,Carol Stream,41.920346,-88.133223,census_place
IL,Carrollton,39.294493,-90.406894,census_place
IL,Casey,39.305420,-87.985307,census_place
IL,Champaign,40.114099,-88.274619,census_place
IL,Channahon,41.422789,-88.262954,census_place
IL,Cherry Valley,42.235178,-88.975113,census_place
IL,Chicago,41.837045,-87.684939,census_place
IL,Chicago Heights,41.510684,-87.634069,census_place
IL,Cicero,41.844537,-87.759290,census_place
IL,Crest Hill,41.574360,-88.113261,census_place
IL,Crete,41.440524,-87.624471,census_place
IL,Crystal Lake,42.233209,-88.334360,census_place
IL,Decatur,39.855983,-88.933746,census_place
IL,Dekalb,41.928186,-88.747585,census_place
IL,Des Plaines,42.034398,-87.901136,census_place
IL,Divernon,39.570431,-89.653638,census_place
IL,Dixon,41.843288,-89.477547,census_place
IL,Downs,40.398775,-88.889199,census_place
IL,Dundee,42.110435,-88.301351,census_cousub
IL,Dwight,41.098705,-88.422077,census_place
IL,East Saint Louis,38.616361,-90.130528,census_place
IL,Edwards,40.745870,-89.744270,nominatim
IL,Effingham,39.120662,-88.550859,census_place
IL,El Paso,40.740492,-89.018250,census_place
IL,Elgin,42.038963,-88.325671,census_place
IL,Elk Grove Village,42.005778,-87.993034,census_place
IL,Elwood,41.418139,-88.117170,census_place
IL,Fairfield,38.380632,-88.372524,census_place
IL,Farina,38.829766,-88.780930,census_place
IL,Farmer City,40.248118,-88.641811,census_place
IL,Farmersville,39.440651,-89.652508,census_place
IL,Flora,38.665617,-88.473844,census_place
IL,Frankfort,41.507025,-87.870966,census_place
IL,Franklin Park,41.935983,-87.879197,census_place
IL,Galatia,37.841977,-88.616482,census_place
IL,Galesburg,40.950217,-90.376564,census_place
IL,Geneseo,41.451252,-90.154844,census_place
IL,Gilberts,42.109981,-88.371882,census_place
IL,Gilman,40.760378,-88.001196,census_place
IL,Goodfield,40.630589,-89.258084,census_place
IL,Granite City,38.729283,-90.125472,census_place
IL,Grant Park,41.242747,-87.635847,census_place
IL,Grayville,38.255135,-87.996927,census_place
IL,Greenup,39.247946,-88.160025,census_place
IL,Greenville,38.886602,-89.389425,census_place
IL,Gurnee,42.370085,-87.936805,census_place
IL,HICKORY HILLS,41.724778,-87.828005,census_place
IL,HOMER GLEN,41.605179,-87.952373,census_place
IL,Hamel,38.892463,-89.838728,census_place
IL,Hampshire,42.115607,-88.505165,census_place
IL,Hanover Park,41.982485,-88.142870,census_place
IL,Harrisburg,37.737717,-88.545818,census_place
IL,Hartford,38.813086,-90.092073,census_place
IL,Havana,40.295109,-90.057810,census_place
IL,Henry,41.117367,-89.357282,census_place
IL,Heyworth,40.314356,-88.992276,census_place
IL,Hillsdale,41.606929,-90.172822,census_place
IL,Hinsdale,41.800683,-87.928172,census_place
IL,Homer Glen,41.605179,-87.952373,census_place
IL,Hoopeston,40.460824,-87.663572,census_place
IL,Ina,38.149899,-88.904019,census_place
IL,Itasca,41.976616,-88.018775,census_place
IL,Jacksonville,39.729151,-90.232201,census_place
IL,Joliet,41.516866,-88.147963,census_place
IL,Kankakee,41.101654,-87.863690,census_place
IL,Knoxville,40.906931,-90.285697,census_place
IL,La Grange,41.807213,-87.874148,census_place
IL,La Salle,41.335176,-89.097245,census_place
IL,Lake Zurich,42.195009,-88.087729,census_place
IL,Lansing,41.565004,-87.546004,census_place
IL,Le Roy,40.339371,-88.761098,census_place
IL,Lemont,41.667328,-87.984411,census_place
IL,Lexington,40.646951,-88.784141,census_place
IL,Libertyville,42.284667,-87.966503,census_place
IL,Lincoln,40.150678,-89.370273,census_place
IL,Litchfield,39.175963,-89.665482,census_place
IL,Lockport,41.591001,-88.029697,census_place
IL,Lombard,41.873844,-88.015491,census_place
IL,Loves Park,42.337843,-88.998649,census_place
IL,Macomb,40.470149,-90.683114,census_place
IL,Mahomet,40.190133,-88.389515,census_place
IL,Manteno,41.247850,-87.844308,census_place
IL,Marion,37.734445,-88.941164,census_place
IL,Marshall,39.399532,-87.691168,census_place
IL,Martinsville,39.338421,-87.880862,census_place
IL,Mascoutah,38.518115,-89.800041,census_place
IL,Mattoon,39.477833,-88.362225,census_place
IL,Mc Lean,40.313579,-89.168606,census_place
IL,Mchenry,42.336204,-88.291651,census_place
IL,Melrose Park,41.902995,-87.863648,census_place
IL,Mendota,41.556655,-89.100507,census_place
IL,Metropolis,37.149639,-88.687354,census_place
IL,Midlothian,41.625428,-87.724233,census_place
IL,Minonk,40.910368,-89.038153,census_place
IL,Minooka,41.447612,-88.284155,census_place
IL,Mokena,41.529863,-87.877710,census_place
IL,Monee,41.417833,-87.749894,census_place
IL,Monmouth,40.914233,-90.643075,census_place
IL,Monroe Center,42.099934,-88.994399,census_place
IL,Montgomery,41.721025,-88.358110,census_place
IL,Morris,41.380229,-88.424332,census_place
IL,Morrisonville,39.421668,-89.459007,census_place
IL,Morton,40.613730,-89.466800,census_place
IL,Mount Vernon,38.314205,-88.917470,census_place
IL,Mulberry Grove,38.925265,-89.261950,census_place
IL,Naperville,41.749173,-88.162019,census_place
IL,Nashville,38.353618,-89.377987,census_place
IL,New Baden,38.536765,-89.707193,census_place
IL,New Berlin,39.726059,-89.914353,census_place
IL,New Lenox,41.510022,-87.970002,census_place
IL,Normal,40.520140,-88.992234,census_place
IL,North Chicago,42.316696,-87.859201,census_place
IL,Oakwood,40.110126,-87.776925,census_place
IL,Oglesby,41.293210,-89.071036,census_place
IL,Okawville,38.434417,-89.547978,census_place
IL,Olney,38.728108,-88.084219,census_place
IL,Oswego,41.683220,-88.338849,census_place
IL,Ottawa,41.354046,-88.823408,census_place
IL,Palatine,42.116467,-88.044361,census_place
IL,Pana,39.394604,-89.090809,census_place
IL,Pekin,40.568757,-89.625115,census_place
IL,Peoria,40.751641,-89.617198,census_place
IL,Peotone,41.330733,-87.796345,census_place
IL,Peru,41.357929,-89.139390,census_place
IL,Plainfield,41.630301,-88.245282,census_place
IL,Plano,41.680353,-88.536308,census_place
IL,Poplar Grove,42.351097,-88.843783,census_place
IL,Posen,41.629067,-87.685842,census_place
IL,Princeton,41.380565,-89.464100,census_place
IL,Rantoul,40.302560,-88.154880,census_place
IL,Riverdale,41.642695,-87.635640,census_place
IL,Riverton,39.846145,-89.536367,census_place
IL,Rochelle,41.919149,-89.063661,census_place
IL,Rockford,42.259300,-89.063478,census_place
IL,Romeoville,41.627924,-88.101182,census_place
IL,Roscoe,42.425559,-89.009455,census_place
IL,Round Lake,42.343181,-88.102099,census_place
IL,Salem,38.627537,-88.959448,census_place
IL,Schiller Park,41.958626,-87.869317,census_place
IL,Shannon,42.152447,-89.740174,census_place
IL,South Beloit,42.484842,-89.027433,census_place
IL,South Elgin,41.990254,-88.314285,census_place
IL,South Holland,41.598372,-87.602736,census_place
IL,South Pekin,40.495497,-89.652382,census_place
IL,Springfield,39.791063,-89.644572,census_place
IL,Stockton,42.352519,-90.002019,census_place
IL,Sugar Grove,41.768621,-88.448896,census_place
IL,Tilton,40.094978,-87.642148,census_place
IL,Tinley Park,41.568579,-87.804217,census_place
IL,Tonica,41.215870,-89.069956,census_place
IL,Troy,38.726219,-89.893470,census_place
IL,Tuscola,39.795912,-88.275483,census_place
IL,University Park,41.446894,-87.712969,census_place
IL,Utica,41.345599,-88.986337,census_cousub
IL,Vandalia,38.974564,-89.110695,census_place
IL,Villa Park,41.885612,-87.978235,census_place
IL,Virginia,39.952942,-90.210446,census_place
IL,Wadsworth,42.450687,-87.925147,census_place
IL,Warrenville,41.820977,-88.187454,census_place
IL,Waukegan,42.369447,-87.870898,census_place
IL,Wenona,41.048655,-89.052258,census_place
IL,West Chicago,41.894469,-88.221121,census_place
IL,West Frankfort,37.899495,-88.930814,census_place
IL,Williamsville,39.956112,-89.543628,census_place
IL,Willow Springs,41.734137,-87.884010,census_place
IL,Wilmington,41.333997,-88.189339,census_cousub
IL,Winnebago,42.267088,-89.233970,census_place
IL,Wood Dale,41.966306,-87.980851,census_place
IL,Woodhull,41.178433,-90.322179,census_place
IL,Yorkville,41.661736,-88.428596,census_place
IN,Angola,41.641090,-85.010973,census_place
IN,Ashley,41.521494,-85.061398,census_place
IN,Austin,38.740285,-85.810319,census_place
IN,Bloomfield,39.026134,-86.937364,census_place
IN,Bloomington,39.163700,-86.524264,census_place
IN,Bluffton,40.743479,-85.172111,census_place
IN,Bourbon,41.299394,-86.116852,census_place
IN,Brazil,39.522449,-87.124479,census_place
IN,Bristol,41.716587,-85.825139,census_place
IN,Butler,41.427148,-84.872266,census_place
IN,Cambridge City,39.812084,-85.170820,census_place
IN,Carlisle,38.960778,-87.401424,census_place
IN,Chesterton,41.599822,-87.054996,census_place
IN,Cicero,40.121932,-86.034042,census_place
IN,Clayton,39.688392,-86.521856,census_place
IN,Cloverdale,39.521221,-86.798689,census_place
IN,Covington,40.141470,-87.390599,census_place
IN,Crawfordsville,40.041286,-86.897576,census_place
IN,Daleville,40.118872,-85.556247,census_place
IN,Danville,39.758812,-86.495282,census_place
IN,Decatur,40.828854,-84.927813,census_place
IN,Demotte,41.199271,-87.195453,census_place
IN,Dyer,41.497804,-87.509012,census_place
IN,Edinburgh,39.351870,-85.963755,census_place
IN,Elkhart,41.691543,-85.962248,census_place
IN,Evansville,37.987737,-87.534705,census_place
IN,Fort Wayne,41.088193,-85.142791,census_place
IN,Fowler,40.617228,-87.317929,census_place
IN,Frankfort,40.281025,-86.521254,census_place
IN,Fremont,41.727622,-84.938855,census_place
IN,Gary,41.590740,-87.347113,census_place
IN,Gas City,40.488650,-85.594335,census_place
IN,Gaston,40.314005,-85.501005,census_place
IN,Geneva,39.077974,-85.724941,census_cousub
IN,Georgetown,38.298796,-85.963055,census_place
IN,Goshen,41.573884,-85.829986,census_place
IN,Greenfield,39.793283,-85.772548,census_place
IN,Greensburg,39.351019,-85.501189,census_place
IN,Greenwood,39.603372,-86.105227,census_place
IN,Grovertown,41.375043,-86.504734,nominatim
IN,Hammond,41.618736,-87.494949,census_place
IN,Hanna,41.412027,-86.779449,census_place
IN,Haubstadt,38.203242,-87.574735,census_place
IN,Hebron,41.325085,-87.201916,census_place
IN,Highland,38.045062,-87.562929,nominatim
IN,Hobart,41.513530,-87.276399,census_place
IN,Howe,41.722822,-85.425486,census_place
IN,Huntington,40.880825,-85.505497,census_place
IN,Indianapolis,39.776664,-86.145935,census_place
IN,Jasper,38.393152,-86.940575,census_place
IN,Kendallville,41.443361,-85.258154,census_place
IN,Knightstown,39.795537,-85.530811,census_place
IN,Kokomo,40.464011,-86.127349,census_place
IN,La Porte,41.606072,-86.713679,census_place
IN,Lafayette,40.399410,-86.862806,census_place
IN,Lake Station,41.576735,-87.252878,census_place
IN,Lake Village,41.130830,-87.439024,census_place
IN,Lawrenceburg,39.107385,-84.875770,census_place
IN,Leavenworth,38.200084,-86.350105,census_place
IN,Lebanon,40.033106,-86.448155,census_place
IN,Logansport,40.748067,-86.354722,census_place
IN,Madison,38.758829,-85.397135,census_place
IN,Marion,40.558374,-85.659144,nominatim
IN,Martinsville,39.414711,-86.431699,census_place
IN,Medaryville,41.080356,-86.890549,census_place
IN,Memphis,38.494822,-85.767036,census_place
IN,Merrillville,41.472687,-87.318070,census_place
IN,Michigan City,41.708776,-86.866875,census_place
IN,Middlebury,41.649409,-85.716461,census_cousub
IN,Mitchell,38.737092,-86.475220,census_place
IN,Monon,40.864228,-86.878624,census_place
IN,Mooresville,39.602494,-86.368715,census_place
IN,Muncie,40.198826,-85.395059,census_place
IN,New Haven,41.067905,-85.016282,census_place
IN,New Paris,41.501906,-85.825507,census_place
IN,North Vernon,39.014854,-85.630055,census_place
IN,Pendleton,40.008509,-85.760809,census_place
IN,Peru,40.758651,-86.070561,census_place
IN,Pierceton,41.199266,-85.703116,census_place
IN,Pittsboro,39.871141,-86.465499,census_place
IN,Plainfield,39.693193,-86.371985,census_place
IN,Plymouth,41.348770,-86.319336,census_place
IN,Portage,41.591612,-87.178939,census_place
IN,Remington,40.769405,-87.129724,census_place
IN,Rensselaer,40.950515,-87.153295,census_place
IN,Richmond,39.832086,-84.890917,census_place
IN,Rochester,41.060392,-86.198313,census_place
IN,Rockport,37.889918,-87.054244,census_place
IN,Rolling Prairie,41.674467,-86.619898,census_place
IN,SOUTH BEND,41.676643,-86.268809,census_place
IN,Saint Croix,38.223953,-86.586339,nominatim
IN,Saint Paul,39.428152,-85.628713,census_place
IN,Seymour,38.946847,-85.889180,census_place
IN,Shelbyville,39.545277,-85.779499,census_place
IN,South Bend,41.676643,-86.268809,census_place
IN,Spiceland,39.843142,-85.426053,census_place
IN,Straughn,39.808384,-85.290842,census_place
IN,Taylorsville,39.296476,-85.950274,census_place
IN,Terre Haute,39.464152,-87.376036,census_place
IN,Tipton,40.282484,-86.043208,census_place
IN,Valparaiso,41.479812,-87.052273,census_place
IN,Vincennes,38.676621,-87.509956,census_place
IN,Wanatah,41.430561,-86.892347,census_place
IN,Warren,40.687688,-85.424650,census_place
IN,Washington,38.658226,-87.160361,census_place
IN,Waterloo,41.437398,-85.051661,census_place
IN,West Lafayette,40.443707,-86.923616,census_place
IN,Westville,41.537547,-86.904942,census_place
IN,Whiteland,39.555138,-86.074352,census_place
IN,Whitestown,39.971672,-86.371739,census_place
IN,Winamac,41.053501,-86.603678,census_place
IN,Woodburn,41.128114,-84.850513,census_place
IN,Yorktown,40.181891,-85.508155,census_place
KS,Abilene,38.924503,-97.228004,census_place
KS,Alma,39.015681,-96.287096,census_place
KS,Atchison,39.562552,-95.136611,census_place
KS,Belle Plaine,37.393428,-97.279548,census_place
KS,Belleville,39.824337,-97.633855,census_place
KS,Beloit,39.464698,-98.108340,census_place
KS,Bunker Hill,38.875298,-98.698938,census_place
KS,Chanute,37.669661,-95.464162,census_place
KS,Cherryvale,37.269148,-95.553354,census_place
KS,Clay Center,39.381182,-97.127372,census_place
KS,Coffeyville,37.032717,-95.651580,census_place
KS,Colby,39.384564,-101.044978,census_place
KS,Concordia,39.566865,-97.646767,census_place
KS,Cunningham,37.644623,-98.431130,census_place
KS,Dodge City,37.760670,-100.017863,census_place
KS,Douglass,37.516944,-97.010425,census_place
KS,Edgerton,38.769314,-94.965141,census_place
KS,El Dorado,37.821624,-96.862203,census_place
KS,Ellis,38.934654,-99.556791,census_place
KS,Ellsworth,38.732638,-98.228568,census_place
KS,Emporia,38.401860,-96.191654,census_place
KS,Fairview,39.839579,-95.728101,census_place
KS,Florence,38.243075,-96.929155,census_place
KS,Fort Scott,37.828000,-94.704141,census_place
KS,Fredonia,37.533095,-95.822348,census_place
KS,Garden City,37.975876,-100.850884,census_place
KS,Gardner,38.808675,-94.922510,census_place
KS,Garnett,38.285873,-95.241231,census_place
KS,Goodland,39.348512,-101.713819,census_place
KS,Hanover,39.893170,-96.875067,census_place
KS,Hays,38.882156,-99.321975,census_place
KS,Hesston,38.140061,-97.427002,census_place
KS,Hiawatha,39.851660,-95.537789,census_place
KS,Holcomb,37.985983,-100.993619,census_place
KS,Hugoton,37.174510,-101.344544,census_place
KS,Iola,37.927427,-95.400669,census_place
KS,Johnson,38.341083,-100.138413,census_cousub
KS,Junction City,39.027220,-96.852271,census_place
KS,Kansas City,39.122539,-94.741781,census_place
KS,Lakin,37.940016,-101.258444,census_place
KS,Lawrence,38.959551,-95.265468,census_place
KS,Lebo,38.416179,-95.862482,census_place
KS,Lenexa,38.965268,-94.803937,census_place
KS,Leon,37.689746,-96.783772,census_place
KS,Liberal,37.046108,-100.927706,census_place
KS,Maple Hill,39.085423,-96.028015,census_place
KS,Marysville,39.843690,-96.638878,census_place
KS,Matfield Green,38.159651,-96.562014,census_place
KS,Mcpherson,38.369881,-97.664518,census_place
KS,Meade,37.283612,-100.343022,census_place
KS,Medicine Lodge,37.285137,-98.581185,census_place
KS,Moran,37.916542,-95.171429,census_place
KS,Mullinville,37.588574,-99.475560,census_place
KS,Newton,38.037683,-97.345018,census_place
KS,Norton,39.836219,-99.891596,census_place
KS,Oakley,39.123486,-100.845153,census_place
KS,Oberlin,39.823040,-100.530737,census_place
KS,Olathe,38.882031,-94.820054,census_place
KS,Ottawa,38.600080,-95.262777,census_place
KS,Overbrook,38.779367,-95.556967,census_place
KS,Parsons,37.334013,-95.264998,census_place
KS,Phillipsburg,39.751215,-99.320973,census_place
KS,Pleasanton,38.177877,-94.705328,census_place
KS,Powhattan,39.761734,-95.634011,census_place
KS,Pratt,37.698576,-98.765936,census_place
KS,Prescott,38.063122,-94.692512,census_place
KS,Russell,38.887455,-98.851392,census_place
KS,Sabetha,39.910228,-95.792832,census_place
KS,Saint Marys,39.194168,-96.064174,census_place
KS,Salina,38.813085,-97.614477,census_place
KS,Scott City,38.478872,-100.903053,census_place
KS,Seneca,39.837998,-96.069608,census_place
KS,Severy,37.621955,-96.227525,census_place
KS,Smith Center,39.773939,-98.783474,census_place
KS,South Haven,37.049495,-97.401264,census_place
KS,South Hutchinson,38.023082,-97.944845,census_place
KS,Spearville,37.848067,-99.754714,census_place
KS,Strong City,38.395431,-96.536666,census_place
KS,Sublette,37.482179,-100.846563,census_place
KS,Tecumseh,39.034955,-95.579650,census_place
KS,Tonganoxie,39.107890,-95.079090,census_place
KS,Topeka,39.034673,-95.696191,census_place
KS,Tribune,38.472037,-101.754525,census_place
KS,Ulysses,37.577342,-101.354864,census_place
KS,Wakeeney,39.023449,-99.881455,census_place
KS,Washington,39.815798,-97.048422,census_place
KS,Wathena,39.761058,-94.927518,census_place
KS,Wellington,37.278109,-97.406672,census_place
KS,Wellsville,38.717662,-95.077862,census_place
KS,Wichita,37.690638,-97.345836,census_place
KY,Albany,36.690546,-85.135489,census_place
KY,Ashland,38.459492,-82.645081,census_place
KY,Bardstown,37.817665,-85.455345,census_place
KY,Beaver Dam,37.403758,-86.873606,census_place
KY,Benton,36.848003,-88.361650,census_place
KY,Berea,37.589296,-84.294502,census_place
KY,Bowling Green,36.976832,-86.433661,census_place
KY,Calvert City,37.046422,-88.395537,census_place
KY,Campbellsville,37.343920,-85.352238,census_place
KY,Caneyville,37.422980,-86.499732,census_place
KY,Catlettsburg,38.417041,-82.603017,census_place
KY,Columbia,37.103437,-85.307537,census_place
KY,Corbin,36.931584,-84.100790,census_place
KY,East Bernstadt,37.192677,-84.129211,census_place
KY,Elizabethtown,37.704002,-85.878881,census_place
KY,Florence,38.993405,-84.648186,census_place
KY,Frankfort,38.194966,-84.865877,census_place
KY,Franklin,36.718029,-86.557576,census_place
KY,Georgetown,38.260181,-84.534921,census_place
KY,Glencoe,38.724990,-84.823276,census_place
KY,Glendale,37.601728,-85.905519,nominatim
KY,Grayson,38.333895,-82.935811,census_place
KY,Greenup,38.566502,-82.823620,census_place
KY,Hanson,37.418006,-87.478957,census_place
KY,Henderson,37.838416,-87.580971,census_place
KY,Hopkinsville,36.839284,-87.473544,census_place
KY,Horse Cave,37.169892,-85.917188,census_place
KY,Isom,37.187876,-82.898772,nominatim
KY,Kuttawa,37.060467,-88.114389,census_place
KY,Lebanon Junction,37.835239,-85.722355,census_place
KY,Lewisport,37.930668,-86.902816,census_place
KY,Lexington,38.040678,-84.458272,census_place
KY,London,37.109952,-84.081679,census_place
KY,Louisville,38.224728,-85.740614,census_place
KY,Madisonville,37.341036,-87.503475,census_place
KY,Mayfield,36.737459,-88.644491,census_place
KY,Maysville,38.650015,-83.792961,census_place
KY,Middlesboro,36.607297,-83.714332,nominatim
KY,Morehead,38.190026,-83.449072,census_place
KY,Morgantown,37.217410,-86.700155,census_place
KY,Mortons Gap,37.242200,-87.467543,census_place
KY,Mount Sterling,38.065465,-83.948822,census_place
KY,Mount Vernon,37.357071,-84.332869,census_place
KY,Murray,36.614202,-88.322075,census_place
KY,Nicholasville,37.892260,-84.565647,census_place
KY,Oak Grove,36.673774,-87.422506,census_place
KY,Owensboro,37.757172,-87.117398,census_place
KY,Paducah,37.070892,-88.644477,census_place
KY,Pendleton,38.462288,-85.303568,nominatim
KY,Richmond,37.729145,-84.299364,census_place
KY,Russell Springs,37.050696,-85.080481,census_place
KY,Russellville,36.839518,-86.895579,census_place
KY,Sadieville,38.387768,-84.551346,census_place
KY,Scottsville,36.749261,-86.207621,census_place
KY,Shepherdsville,37.981425,-85.702007,census_place
KY,Simpsonville,38.215248,-85.346854,census_place
KY,Smiths Grove,37.050205,-86.208076,census_place
KY,Somerset,37.086473,-84.605350,census_place
KY,Sonora,37.525398,-85.898315,census_place
KY,Sparta,38.695435,-84.906136,census_place
KY,Tollesboro,38.599008,-83.545458,census_cousub
KY,Vanceburg,38.594531,-83.323614,census_place
KY,Waddy,38.137015,-85.074398,nominatim
KY,Walton,38.862427,-84.615043,census_place
KY,Williamsburg,36.738714,-84.165651,census_place
KY,Willisburg,37.810316,-85.119581,census_place
KY,Winchester,38.002364,-84.190586,census_place
LA,Alexandria,31.293449,-92.470189,census_place
LA,Amite,30.726575,-90.508982,nominatim
LA,Arcadia,32.550848,-92.921373,census_place
LA,Baton Rouge,30.440443,-91.133166,census_place
LA,Belle Chasse,29.858697,-90.003290,census_place
LA,Belle Rose,30.042205,-91.049721,census_place
LA,Berwick,29.700548,-91.235184,census_place
LA,Bethany,32.373768,-94.037965,nominatim
LA,Bossier City,32.523674,-93.655426,census_place
LA,Boyce,31.389895,-92.670374,census_place
LA,Breaux Bridge,30.283099,-91.905919,census_place
LA,Broussard,30.137444,-91.955830,census_place
LA,Bunkie,30.953661,-92.188111,census_place
LA,Calhoun,32.515309,-92.353926,census_place
LA,Chalmette,29.944015,-89.966005,census_place
LA,Convent,30.015211,-90.820234,census_place
LA,Coushatta,32.025834,-93.340597,census_place
LA,Crowley,30.217897,-92.374840,census_place
LA,Cut Off,29.516283,-90.329714,census_place
LA,Delcambre,29.951114,-91.991710,census_place
LA,Delhi,32.452843,-91.489976,census_place
LA,Delta,32.322201,-90.958549,census_place
LA,Denham Springs,30.474329,-90.959027,census_place
LA,Duson,30.238360,-92.189070,census_place
LA,Egan,30.245515,-92.511594,census_place
LA,Eunice,30.490429,-92.419064,census_place
LA,Farmerville,32.775105,-92.400519,census_place
LA,Franklin,29.784946,-91.509567,census_place
LA,Frierson,32.246949,-93.686859,census_place
LA,Galliano,29.445857,-90.307745,census_place
LA,Garyville,30.065727,-90.634729,census_place
LA,Gonzales,30.212739,-90.922402,census_place
LA,Gramercy,30.061913,-90.693634,census_place
LA,Grand Coteau,30.420237,-92.043790,census_place
LA,Gray,29.678003,-90.783138,census_place
LA,Greensburg,30.829640,-90.669859,census_place
LA,Greenwood,32.431470,-93.959889,census_place
LA,Grosse Tete,30.415418,-91.439400,census_place
LA,Hammond,30.505650,-90.456493,census_place
LA,Haughton,32.527609,-93.504172,census_place
LA,Hosston,32.886080,-93.882689,census_place
LA,Houma,29.578681,-90.708023,census_place
LA,Ida,32.998902,-93.896379,census_place
LA,Iowa,30.241367,-93.013028,census_place
LA,Jennings,30.223978,-92.658295,census_place
LA,Jonesville,31.622318,-91.834430,census_place
LA,Kenner,30.010227,-90.254820,census_place
LA,Kentwood,30.933755,-90.515162,census_place
LA,La Place,30.072157,-90.477008,census_place
LA,Lafayette,30.205600,-92.028058,census_place
LA,Lake Charles,30.199020,-93.210835,census_place
LA,Larose,29.565196,-90.376167,census_place
LA,Leesville,31.141120,-93.284230,census_place
LA,Livingston,30.495289,-90.746698,census_place
LA,Mansfield,32.035341,-93.699665,census_place
LA,Mansura,31.067324,-92.052825,census_place
LA,Marrero,29.885726,-90.113221,census_place
LA,Mathews,29.682154,-90.555900,census_place
LA,Minden,32.619146,-93.272754,census_place
LA,Monroe,32.518986,-92.077180,census_place
LA,Morgan City,29.710332,-91.191542,census_place
LA,Natchitoches,31.734775,-93.100942,census_place
LA,New Iberia,30.005493,-91.820307,census_place
LA,New Orleans,30.053420,-89.934502,census_place
LA,Oakdale,30.816418,-92.655855,census_place
LA,Opelousas,30.524897,-92.081654,census_place
LA,Pearl River,30.371353,-89.750359,census_place
LA,Plaquemine,30.283156,-91.243812,census_place
LA,Port Allen,30.443835,-91.207410,census_place
LA,Port Barre,30.555523,-91.955962,census_place
LA,Raceland,29.723489,-90.629751,census_place
LA,Rayne,30.240513,-92.267335,census_place
LA,Rayville,32.470982,-91.757449,census_place
LA,Reserve,30.072962,-90.555022,census_place
LA,Roanoke,30.235526,-92.748141,census_place
LA,Ruston,32.532986,-92.635327,census_place
LA,Saint Francisville,30.784234,-91.376417,census_place
LA,Saint Gabriel,30.255202,-91.100363,census_place
LA,Saint James,30.018643,-90.850881,census_place
LA,Saint Martinville,30.127002,-91.831118,census_place
LA,Saint Rose,29.963475,-90.307893,census_place
LA,Schriever,29.728672,-90.835398,census_place
LA,Shreveport,32.466879,-93.792193,census_place
LA,Slidell,30.288913,-89.782926,census_place
LA,Sorrento,30.183623,-90.866567,census_place
LA,Springhill,33.001934,-93.461511,census_place
LA,Starks,30.310462,-93.666698,census_place
LA,Sulphur,30.229792,-93.356343,census_place
LA,Tallulah,32.406696,-91.191700,census_place
LA,Thibodaux,29.794874,-90.814578,census_place
LA,Vidalia,31.566751,-91.440444,census_place
LA,Ville Platte,30.689858,-92.274165,census_place
LA,Vinton,30.195435,-93.582246,census_place
LA,Vivian,32.871072,-93.986249,census_place
LA,West Monroe,32.512340,-92.151070,census_place
LA,Westwego,29.905363,-90.143545,census_place
LA,Winnfield,31.923969,-92.642475,census_place
MA,Adams,42.629085,-73.118747,census_place
MA,Ayer,42.562221,-71.584844,census_place
MA,Berlin,42.384929,-71.633889,census_cousub
MA,Blandford,42.175006,-72.923862,census_place
MA,Boylston,42.355049,-71.716157,census_cousub
MA,Bridgewater,41.990221,-70.975443,nominatim
MA,Charlton,42.133935,-71.968025,census_cousub
MA,Chicopee,42.177586,-72.570189,census_place
MA,Fall River,41.725351,-71.094162,census_place
MA,Framingham,42.307905,-71.436196,census_place
MA,Lancaster,42.483569,-71.675585,census_cousub
MA,Lee,42.306836,-73.250736,census_place
MA,Leominster,42.520876,-71.770611,census_place
MA,Lexington,42.445222,-71.230015,census_place
MA,Ludlow,42.183577,-72.457812,census_cousub
MA,Methuen,42.742641,-71.178651,census_place
MA,Millbury,42.192246,-71.777649,census_cousub
MA,Natick,42.284822,-71.348811,census_cousub
MA,Newton Lower Falls,42.325800,-71.256341,nominatim
MA,North Billerica,42.585262,-71.287764,nominatim
MA,North Oxford,42.150095,-71.868405,nominatim
MA,Norwood,42.187364,-71.195971,census_place
MA,Orange,42.605437,-72.292074,census_place
MA,Peabody,42.534310,-70.969443,census_place
MA,Plymouth,41.958343,-70.663800,census_place
MA,Salisbury,42.831098,-70.847109,census_place
MA,Seekonk,41.839798,-71.318047,census_cousub
MA,Shrewsbury,42.284767,-71.714228,census_cousub
MA,Springfield,42.115454,-72.539978,census_place
MA,Sturbridge,42.097106,-72.054995,census_place
MA,Sutton,42.132051,-71.750318,census_cousub
MA,Uxbridge,42.061166,-71.643628,census_cousub
MA,Westborough,42.267441,-71.617492,census_place
MA,Westminster,42.554600,-71.905440,census_cousub
MA,Whately,42.430995,-72.642437,census_cousub
MA,Wrentham,42.052671,-71.356858,census_cousub
MD,Aberdeen,39.516403,-76.174518,census_place
MD,Accident,39.625688,-79.319958,census_place
MD,Baltimore,39.300032,-76.610476,census_place
MD,Beltsville,39.039903,-76.920443,census_place
MD,Big Pool,39.625094,-78.016168,census_place
MD,Bladensburg,38.942368,-76.925910,census_place
MD,Brandywine,38.682077,-76.885314,census_place
MD,Capitol Heights,38.876687,-76.907569,census_place
MD,Centreville,39.042265,-76.062538,census_place
MD,Clinton,38.750917,-76.902669,census_place
MD,Cumberland,39.651310,-78.757959,census_place
MD,Curtis Bay,39.225219,-76.590031,nominatim
MD,Denton,38.879421,-75.824452,census_place
MD,Dundalk,39.266824,-76.496531,census_place
MD,Edgewood,39.420290,-76.296846,census_place
MD,Elkridge,39.195483,-76.741082,census_place
MD,Elkton,39.605776,-75.821686,census_place
MD,Emmitsburg,39.705192,-77.321301,census_place
MD,Frederick,39.434089,-77.414539,census_place
MD,Gaithersburg,39.148601,-77.195131,census_place
MD,Glen Burnie,39.156271,-76.606996,census_place
MD,Grantsville,39.696916,-79.152849,census_place
MD,Hagerstown,39.640182,-77.722691,census_place
MD,Hancock,39.704578,-78.163270,census_place
MD,Hunt Valley,39.492261,-76.658953,nominatim
MD,Hurlock,38.625712,-75.867186,census_place
MD,Hyattsville,38.961205,-76.954935,census_place
MD,Jessup,39.149094,-76.776388,census_place
MD,Mardela Springs,38.457629,-75.755482,census_place
MD,Middle River,39.339519,-76.428702,census_place
MD,Millersville,39.059554,-76.648022,nominatim
MD,Newburg,38.377348,-76.953305,nominatim
MD,North East,39.608037,-75.941655,census_place
MD,Nottingham,39.363996,-76.452184,nominatim
MD,Perryville,39.572968,-76.064923,census_place
MD,Rockville,39.083666,-77.155585,census_place
MD,Salisbury,38.375328,-75.585925,census_place
MD,Thurmont,39.619976,-77.407695,census_place
MD,Upper Marlboro,38.816495,-76.753670,census_place
MD,Waldorf,38.609172,-76.919776,census_place
MD,Walkersville,39.474323,-77.363352,census_place
MD,Westover,38.124011,-75.706317,nominatim
MD,White Marsh,39.381546,-76.458420,census_place
MD,Williamsport,39.597345,-77.817972,census_place
ME,Auburn,44.084537,-70.249649,census_place
ME,Augusta,44.334904,-69.734199,census_place
ME,Baileyville,45.182325,-67.441681,census_cousub
ME,Bangor,44.829625,-68.788767,census_place
ME,Biddeford,43.438733,-70.392943,census_place
ME,Brownville,45.356518,-69.017524,census_cousub
ME,Canaan,44.782176,-69.546316,census_cousub
ME,Corinna,44.922741,-69.265852,census_place
ME,Corinth,44.980473,-69.010748,census_cousub
ME,Dover Foxcroft,45.205071,-69.223215,census_place
ME,Fairfield,44.590339,-69.605215,census_place
ME,Farmington,44.668373,-70.144039,census_place
ME,Greenville,45.466113,-69.577856,census_place
ME,Holden,44.761837,-68.675967,census_cousub
ME,Houlton,46.121447,-67.832210,census_place
ME,Kittery,43.089985,-70.738321,census_place
ME,Liberty,44.369093,-69.336000,census_cousub
ME,Lincoln,45.362677,-68.501730,census_place
ME,Medway,45.642403,-68.478671,census_cousub
ME,Newport,44.836429,-69.254846,census_place
ME,Portland,43.633157,-70.185305,census_place
ME,Princeton,45.144593,-67.526972,census_cousub
ME,Richmond,44.099038,-69.809567,census_place
ME,Scarborough,43.571203,-70.334170,census_cousub
ME,Sherman,45.890013,-68.359345,census_cousub
ME,Skowhegan,44.778149,-69.712196,census_place
ME,Turner,44.257811,-70.257865,census_place
ME,Warren,44.128010,-69.243885,census_cousub
ME,West Paris,44.319278,-70.522647,census_cousub
MI,Adrian,41.898780,-84.044829,census_place
MI,Albion,42.247855,-84.759191,census_place
MI,Alma,43.380336,-84.654445,census_place
MI,Battle Creek,42.299176,-85.229267,census_place
MI,Bay City,43.590062,-83.888421,census_place
MI,Belleville,42.201917,-83.482812,census_place
MI,Benton Harbor,42.113495,-86.447250,census_place
MI,Bessemer,46.477579,-90.049836,census_place
MI,Big Rapids,43.699671,-85.481250,census_place
MI,Bridgeport,43.370815,-83.881964,census_place
MI,Bridgman,41.935169,-86.567110,census_place
MI,Burton,43.000745,-83.618151,census_place
MI,Byron Center,42.809460,-85.726365,census_place
MI,Cadillac,44.245940,-85.431125,census_place
MI,Caledonia,42.794743,-85.517100,census_place
MI,Canton,42.307655,-83.486896,nominatim
MI,Capac,43.003889,-82.922280,census_place
MI,Caro,43.489303,-83.401744,census_place
MI,Casco,42.752532,-82.671584,nominatim
MI,Cedar Springs,43.220424,-85.554367,census_place
MI,Champion,46.633833,-87.839560,census_cousub
MI,Clare,43.826006,-84.761755,census_place
MI,Coopersville,43.065467,-85.933752,census_place
MI,Dearborn,42.313057,-83.211488,census_place
MI,Detroit,42.383037,-83.102237,census_place
MI,Dewitt,42.838828,-84.583837,census_place
MI,Dexter,42.332256,-83.881027,census_place
MI,Dundee,41.966485,-83.669417,census_place
MI,Eagle,42.809794,-84.790890,census_place
MI,Escanaba,45.746289,-87.083605,census_place
MI,Fenton,42.800606,-83.717708,census_place
MI,Flint,43.024420,-83.691971,census_place
MI,Fowlerville,42.659380,-84.073743,census_place
MI,Gaylord,45.018978,-84.680907,census_place
MI,Grand Blanc,42.932537,-83.620491,census_place
MI,Grand Haven,43.054969,-86.219349,census_place
MI,Grand Ledge,42.752927,-84.744901,census_place
MI,Grand Rapids,42.961156,-85.655570,census_place
MI,Grayling,44.657960,-84.711067,census_place
MI,Gwinn,46.285373,-87.441915,census_place
MI,Hart,43.696618,-86.367269,census_place
MI,Holland,42.767049,-86.098572,census_place
MI,Holly,42.798799,-83.622967,census_place
MI,Houghton Lake,44.301067,-84.749865,census_place
MI,Howard City,43.393266,-85.466107,census_place
MI,Hudsonville,42.863370,-85.862205,census_place
MI,Imlay City,43.017052,-83.077098,census_place
MI,Ionia,42.976821,-85.074633,census_place
MI,Iron Mountain,45.826888,-88.059435,census_place
MI,Ironwood,46.452209,-90.150432,census_place
MI,Ithaca,43.291094,-84.595673,census_place
MI,Jackson,42.243441,-84.404858,census_place
MI,Kalamazoo,42.275163,-85.588501,census_place
MI,Lake Odessa,42.782920,-85.137538,census_place
MI,Lansing,42.714341,-84.560889,census_place
MI,Lapeer,43.045127,-83.326746,census_place
MI,Lennon,42.985440,-83.932530,census_place
MI,Lincoln Park,42.243291,-83.181258,census_place
MI,Livonia,42.397183,-83.372319,census_place
MI,Lowell,42.934600,-85.346219,census_place
MI,Luna Pier,41.803255,-83.442482,census_place
MI,Manistique,45.959744,-86.250953,census_place
MI,Marlette,43.326439,-83.080519,census_place
MI,Marquette,46.550698,-87.395833,census_place
MI,Marshall,42.262679,-84.967453,census_place
MI,Mattawan,42.215635,-85.795760,census_place
MI,Memphis,42.895234,-82.768258,census_place
MI,Middleton,43.183366,-84.708889,nominatim
MI,Milan,42.081347,-83.684793,census_place
MI,Monroe,41.916586,-83.384324,census_place
MI,Mount Morris,43.117664,-83.698729,census_place
MI,Mount Pleasant,43.596710,-84.775972,census_place
MI,Muskegon,43.226540,-86.257247,census_place
MI,New Baltimore,42.685306,-82.737649,census_place
MI,New Boston,42.162541,-83.402989,nominatim
MI,Newberry,46.353821,-85.509804,census_place
MI,Newport,42.002267,-83.308542,nominatim
MI,Niles,41.834539,-86.247851,census_place
MI,Ottawa Lake,41.764152,-83.749387,nominatim
MI,Parma,42.265443,-84.548989,census_place
MI,Paw Paw,42.214235,-85.892177,census_place
MI,Perry,42.832030,-84.220112,census_place
MI,Pinconning,43.857225,-83.964629,census_place
MI,Port Huron,42.993766,-82.433743,census_place
MI,Portland,42.869794,-84.898930,census_place
MI,Rapid River,45.926394,-86.974284,census_place
MI,Redford,42.383370,-83.296597,nominatim
MI,Reed City,43.872754,-85.507006,census_place
MI,Riverview,42.173456,-83.198380,census_place
MI,Rockford,43.136975,-85.554519,census_place
MI,Romulus,42.223649,-83.366036,census_place
MI,Roseville,42.507586,-82.936582,census_place
MI,Saginaw,43.419945,-83.950172,census_place
MI,Saint Clair,42.826530,-82.492433,census_place
MI,Saint Ignace,45.887164,-84.731707,census_place
MI,Sault Sainte Marie,46.476169,-84.370544,census_place
MI,Sawyer,41.885321,-86.589467,nominatim
MI,Scottville,43.951101,-86.279816,census_place
MI,Smiths Creek,42.913919,-82.603808,nominatim
MI,Stephenson,45.413734,-87.609107,census_place
MI,Taylor,42.225283,-83.267691,census_place
MI,Tekonsha,42.097365,-84.991924,census_place
MI,Three Rivers,41.945386,-85.629548,census_place
MI,Traverse City,44.754309,-85.603011,census_place
MI,Trenton,42.140058,-83.192914,census_place
MI,Wakefield,46.476904,-89.933430,census_place
MI,Warren,42.492904,-83.025001,census_place
MI,Wayland,42.673081,-85.641727,census_place
MI,Wellston,44.222689,-85.968132,census_place
MI,West Branch,44.273789,-84.236589,census_place
MI,White Pigeon,41.795234,-85.650406,census_place
MI,Whitmore Lake,42.420281,-83.752134,census_place
MI,Wixom,42.522781,-83.530188,census_place
MI,Wyoming,42.890317,-85.706733,census_place
MN,Adrian,43.633560,-95.932804,census_place
MN,Albert Lea,43.654293,-93.364148,census_place
MN,Alden,43.667463,-93.569887,census_place
MN,Alexandria,45.877178,-95.376965,census_place
MN,Andover,45.252420,-93.337402,census_place
MN,Anoka,45.214398,-93.391638,census_place
MN,Appleton,45.199475,-96.022226,census_place
MN,Austin,43.672098,-92.977863,census_place
MN,Belle Plaine,44.619780,-93.764595,census_place
MN,Bemidji,47.487034,-94.882690,census_place
MN,Blue Earth,43.640994,-94.100339,census_place
MN,Brainerd,46.355269,-94.198372,census_place
MN,Buffalo,45.179510,-93.863995,census_place
MN,Byron,44.038107,-92.641072,census_place
MN,Caledonia,43.634127,-91.500399,census_place
MN,Cambridge,45.560772,-93.227702,census_place
MN,Carlton,46.655769,-92.430397,census_place
MN,Chatfield,43.844464,-92.182851,census_place
MN,Chisago City,45.372274,-92.916665,census_place
MN,Circle Pines,45.143748,-93.147517,census_place
MN,Clara City,44.957438,-95.367668,census_place
MN,Clearwater,45.409879,-94.044560,census_place
MN,Cloquet,46.725070,-92.501330,census_place
MN,Cohasset,47.242447,-93.664230,census_place
MN,Cokato,45.076721,-94.187548,census_place
MN,DUNDAS,44.427691,-93.203788,census_place
MN,Dakota,43.911548,-91.361362,census_place
MN,Delano,45.038266,-93.793012,census_place
MN,Detroit Lakes,46.807582,-95.846612,census_place
MN,Duluth,46.774458,-92.134135,census_place
MN,Elk River,45.332212,-93.566528,census_place
MN,Ellendale,43.872721,-93.299331,census_place
MN,Erskine,47.663163,-96.016683,census_place
MN,Eyota,43.988310,-92.232124,census_place
MN,Fairmont,43.644789,-94.464015,census_place
MN,Faribault,44.299709,-93.278946,census_place
MN,Fergus Falls,46.285017,-96.076110,census_place
MN,Forest Lake,45.250831,-92.966920,census_place
MN,Gaylord,44.555770,-94.213222,census_place
MN,Glencoe,44.769566,-94.151027,census_place
MN,Glyndon,46.870987,-96.578411,census_place
MN,Hastings,44.731780,-92.854512,census_place
MN,Heron Lake,43.798059,-95.319778,census_place
MN,Hinckley,46.013033,-92.912722,census_place
MN,Hugo,45.164225,-92.960105,census_place
MN,Hutchinson,44.885358,-94.376876,census_place
MN,International Falls,48.586353,-93.407743,census_place
MN,Inver Grove Heights,44.829015,-93.060072,census_place
MN,Isanti,45.491545,-93.242818,census_place
MN,Ivanhoe,44.464282,-96.251729,census_place
MN,Jackson,43.625680,-94.988585,census_place
MN,Janesville,44.119846,-93.709698,census_place
MN,Kasson,44.033174,-92.748578,census_place
MN,Kimball,45.314330,-94.300807,census_place
MN,Lake City,44.445705,-92.280925,census_place
MN,Lake Park,46.883733,-96.097958,census_place
MN,Lakeville,44.676134,-93.251743,census_place
MN,Little Falls,45.985557,-94.359676,census_place
MN,Luverne,43.653542,-96.214185,census_place
MN,Mankato,44.171122,-93.976380,census_place
MN,Melrose,45.677008,-94.814774,census_place
MN,Milaca,45.758035,-93.651565,census_place
MN,Minneapolis,44.963324,-93.268320,census_place
MN,Minnesota City,44.092296,-91.749995,census_place
MN,Moose Lake,46.450299,-92.760955,census_place
MN,Mora,45.876981,-93.290284,census_place
MN,Motley,46.334754,-94.642772,census_place
MN,Mountain Lake,43.940133,-94.927696,census_place
MN,New Prague,44.545738,-93.575595,census_place
MN,New Ulm,44.312067,-94.468896,census_place
MN,New York Mills,46.519630,-95.372780,census_place
MN,North Branch,45.509885,-92.955655,census_place
MN,Northfield,44.455645,-93.170311,census_place
MN,Norwood Young America,44.772107,-93.917287,census_place
MN,Ogilvie,45.829828,-93.423042,census_place
MN,Oronoco,44.158446,-92.539194,census_place
MN,Ortonville,45.302445,-96.442223,census_place
MN,Owatonna,44.091904,-93.231715,census_place
MN,Park Rapids,46.916394,-95.057932,census_place
MN,Paynesville,45.378519,-94.721592,census_place
MN,Perham,46.599611,-95.577104,census_place
MN,Pillager,46.330621,-94.477351,census_place
MN,Pine City,45.840980,-92.966492,census_place
MN,Pipestone,43.995916,-96.311080,census_place
MN,Plainview,44.164687,-92.169190,census_place
MN,Princeton,45.568215,-93.590254,census_place
MN,Randall,46.088667,-94.500718,census_place
MN,Red Wing,44.581265,-92.605011,census_place
MN,Redwood Falls,44.547125,-95.102637,census_place
MN,Rochester,44.014299,-92.478592,census_place
MN,Rogers,45.183850,-93.571669,census_place
MN,Roseau,48.844462,-95.762434,census_place
MN,Rothsay,46.473091,-96.284242,census_place
MN,Rush City,45.687442,-92.965303,census_place
MN,Rushford,43.813437,-91.753828,census_place
MN,Saint Charles,43.968747,-92.059295,census_place
MN,Saint Cloud,45.526658,-94.171007,census_place
MN,Saint James,43.983362,-94.625392,census_place
MN,Saint Joseph,45.565070,-94.302070,census_place
MN,Saint Michael,45.199238,-93.689526,census_place
MN,Saint Paul,44.948901,-93.104063,census_place
MN,Saint Peter,44.329282,-93.967656,census_place
MN,Sauk Centre,45.736472,-94.952729,census_place
MN,Sauk Rapids,45.594724,-94.152747,census_place
MN,Savage,44.759057,-93.364213,census_place
MN,Shakopee,44.771906,-93.475699,census_place
MN,Sherburn,43.654900,-94.727489,census_place
MN,Slayton,43.990229,-95.758371,census_place
MN,Sleepy Eye,44.298945,-94.723594,census_place
MN,South Saint Paul,44.888027,-93.040497,census_place
MN,Stacy,45.423044,-92.970320,census_place
MN,Stewart,44.723772,-94.486595,census_place
MN,Stewartville,43.860790,-92.489986,census_place
MN,Stillwater,45.058606,-92.830408,census_place
MN,Thief River Falls,48.111241,-96.177562,census_place
MN,Truman,43.827872,-94.436569,census_place
MN,Two Harbors,47.029954,-91.675744,census_place
MN,Waconia,44.841530,-93.790092,census_place
MN,Waite Park,45.520868,-94.242982,census_place
MN,Wanamingo,44.302775,-92.787281,census_place
MN,Willmar,45.121029,-95.058734,census_place
MN,Windom,43.873552,-95.119136,census_place
MN,Worthington,43.628733,-95.599702,census_place
MN,Zumbrota,44.295165,-92.672870,census_place
MO,Alexandria,40.359890,-91.459391,census_place
MO,Aurora,36.967436,-93.718596,census_place
MO,Barnhart,38.336604,-90.403095,census_place
MO,Bates City,39.003936,-94.063391,census_place
MO,Bethany,40.268164,-94.029822,census_place
MO,Bevier,39.751433,-92.563880,census_place
MO,Bloomsdale,38.014442,-90.220352,census_place
MO,Bois D Arc,37.256438,-93.507696,nominatim
MO,Bolivar,37.606697,-93.416709,census_place
MO,Boonville,38.961439,-92.746203,census_place
MO,Bowling Green,39.344774,-91.202488,census_place
MO,Bridgeton,38.773317,-90.416997,census_place
MO,Brookfield,39.785329,-93.077967,census_place
MO,Cabool,37.126482,-92.103217,census_place
MO,California,38.630306,-92.567079,census_place
MO,Cameron,39.744499,-94.232324,census_place
MO,Canton,40.129859,-91.525843,census_place
MO,Cardwell,36.047480,-90.290905,census_place
MO,Carthage,37.150605,-94.327868,census_place
MO,Center,39.509438,-91.529335,census_place
MO,Charleston,36.916934,-89.333912,census_place
MO,Chillicothe,39.796079,-93.549957,census_place
MO,Clinton,38.371172,-93.768142,census_place
MO,Collins,37.889607,-93.621824,census_place
MO,Columbia,38.947290,-92.326387,census_place
MO,Concordia,38.987513,-93.569227,census_place
MO,Cuba,38.067096,-91.405733,census_place
MO,Dearborn,39.525142,-94.771972,census_place
MO,Deerfield,37.838652,-94.507702,census_place
MO,Dexter,36.792821,-89.962969,census_place
MO,Eagleville,40.468725,-93.985963,census_place
MO,Eldon,38.351151,-92.576678,census_place
MO,Ellsinore,36.932839,-90.747672,census_place
MO,Eolia,39.237890,-91.013166,census_place
MO,Fair Grove,37.383321,-93.152154,census_place
MO,Faucett,39.600244,-94.797470,census_place
MO,Fenton,38.528547,-90.450674,census_place
MO,Forest City,39.982950,-95.188310,census_place
MO,Foristell,38.814393,-90.958962,census_place
MO,Fredericktown,37.562953,-90.303512,census_place
MO,Fulton,38.855146,-91.950802,census_place
MO,Gallatin,39.910352,-93.964011,census_place
MO,Glasgow,39.228504,-92.837742,census_place
MO,Grain Valley,39.014988,-94.216371,census_place
MO,Grandview,38.881359,-94.522744,census_place
MO,Hamilton,39.743535,-94.002400,census_place
MO,Hannibal,39.710208,-91.394044,census_place
MO,Harrisonville,38.650159,-94.350483,census_place
MO,Hayti,36.232528,-89.747362,census_place
MO,Hazelwood,38.794706,-90.396002,census_place
MO,Herculaneum,38.257558,-90.393130,census_place
MO,Higginsville,39.065719,-93.726814,census_place
MO,Holt,39.454209,-94.338511,census_place
MO,Jackson,37.379922,-89.654073,census_place
MO,Jamestown,38.769237,-92.483904,census_place
MO,Jasper,37.335665,-94.302795,census_place
MO,Jefferson City,38.567461,-92.175254,census_place
MO,Jonesburg,38.856376,-91.303157,census_place
MO,Joplin,37.075218,-94.501259,census_place
MO,Kansas City,39.125155,-94.550313,census_place
MO,Kearney,39.355111,-94.358580,census_place
MO,King City,40.050567,-94.525167,census_place
MO,Kingdom City,38.947306,-91.935419,census_place
MO,Koshkonong,36.597444,-91.645953,census_place
MO,La Plata,40.023952,-92.490779,census_place
MO,Laddonia,39.242798,-91.642566,census_place
MO,Lamar,37.493918,-94.278428,census_place
MO,Lancaster,40.526323,-92.531732,census_place
MO,Lathrop,39.561848,-94.319853,census_place
MO,Lebanon,37.672131,-92.659670,census_place
MO,Liberty,39.241270,-94.419445,census_place
MO,Louisiana,39.441456,-91.062033,census_place
MO,Lowry City,38.140018,-93.726769,census_place
MO,Macon,39.742230,-92.470551,census_place
MO,Malta Bend,39.193986,-93.363500,census_place
MO,Mansfield,37.109843,-92.580955,census_place
MO,Marston,36.517177,-89.605831,census_place
MO,Maryville,40.342515,-94.870048,census_place
MO,Matthews,36.756800,-89.567477,census_place
MO,Mexico,39.162169,-91.872770,census_place
MO,Milan,40.203239,-93.124004,census_place
MO,Mineral Point,37.945577,-90.724632,census_place
MO,Moberly,39.418112,-92.436544,census_place
MO,Monett,36.921470,-93.927108,census_place
MO,Mound City,40.136503,-95.233739,census_place
MO,Mount Vernon,37.104812,-93.818669,census_place
MO,Mountain View,36.993719,-91.701863,census_place
MO,Neelyville,36.556292,-90.513676,census_place
MO,Nelson,38.994503,-93.030816,census_place
MO,Neosho,36.845458,-94.376438,census_place
MO,Nevada,37.844908,-94.350321,census_place
MO,New Florence,38.908466,-91.454789,census_place
MO,New London,39.584202,-91.398899,census_place
MO,New Madrid,36.586409,-89.551222,census_place
MO,Newburg,37.915584,-91.900374,census_place
MO,Norwood,37.107192,-92.418931,census_place
MO,Oak Grove,39.007033,-94.128441,census_place
MO,Owensville,38.348438,-91.497361,census_place
MO,Ozark,37.033600,-93.218044,census_place
MO,Pacific,38.479724,-90.749453,census_place
MO,Palmyra,39.797780,-91.526515,census_place
MO,Park Hills,37.816979,-90.499893,census_place
MO,Peculiar,38.730826,-94.468597,census_place
MO,Perryville,37.726330,-89.876493,census_place
MO,Pevely,38.288089,-90.400038,census_place
MO,Platte City,39.359733,-94.756317,census_place
MO,Poplar Bluff,36.763259,-90.413953,census_place
MO,Purdy,36.818772,-93.920574,census_place
MO,Queen City,40.411775,-92.566678,census_place
MO,Qulin,36.595255,-90.246295,census_place
MO,Republic,37.168552,-93.413061,census_place
MO,Rich Hill,38.095871,-94.363462,census_place
MO,Richland,37.861142,-92.399744,census_place
MO,Ridgedale,36.503954,-93.223792,nominatim
MO,Rock Port,40.410911,-95.533087,census_place
MO,Rogersville,37.114847,-93.074782,census_place
MO,Rolla,37.945940,-91.761202,census_place
MO,Saint Charles,38.795702,-90.515364,census_place
MO,Saint James,38.002356,-91.613372,census_place
MO,Saint Joseph,39.759460,-94.821143,census_place
MO,Saint Louis,38.635699,-90.244582,census_place
MO,Saint Peters,38.783520,-90.605075,census_place
MO,Saint Robert,37.825332,-92.151981,census_place
MO,Sainte Genevieve,37.975019,-90.049982,census_place
MO,Salem,37.639568,-91.534860,census_place
MO,Sarcoxie,37.068571,-94.126920,census_place
MO,Savannah,39.938789,-94.828049,census_place
MO,Scott City,37.224530,-89.537647,census_place
MO,Sedalia,38.705239,-93.235819,census_place
MO,Seymour,37.147424,-92.768837,census_place
MO,Shelbina,39.693022,-92.039652,census_place
MO,Sikeston,36.883729,-89.587199,census_place
MO,Slater,39.223279,-93.065347,census_place
MO,Springfield,37.194157,-93.292642,census_place
MO,Steele,36.094790,-89.862102,census_place
MO,Strafford,37.268882,-93.118041,census_place
MO,Sullivan,38.212787,-91.163645,census_place
MO,Tarkio,40.442988,-95.383516,census_place
MO,Taylor,39.938101,-91.523766,nominatim
MO,Trenton,40.081255,-93.602387,census_place
MO,Unionville,40.475708,-93.004416,census_place
MO,Villa Ridge,38.465699,-90.882348,census_place
MO,Warrensburg,38.762381,-93.725337,census_place
MO,Warrenton,38.819056,-91.137933,census_place
MO,Wayland,40.396301,-91.575443,census_place
MO,Waynesville,37.819430,-92.219262,census_place
MO,West Plains,36.737430,-91.867957,census_place
MO,Willow Springs,36.986752,-91.961551,census_place
MO,Windsor,38.532265,-93.522945,census_place
MO,Winston,39.869946,-94.141744,census_place
MS,Batesville,34.320982,-89.924878,census_place
MS,Beaumont,31.167543,-88.928356,census_place
MS,Belden,34.310383,-88.788389,nominatim
MS,Biloxi,30.426663,-88.935762,census_place
MS,Brookhaven,31.580567,-90.443386,census_place
MS,Buckatunna,31.553199,-88.534283,census_place
MS,Byhalia,34.869188,-89.689993,census_place
MS,Byram,32.192137,-90.286965,census_place
MS,Canton,32.598419,-90.032191,census_place
MS,Carthage,32.744227,-89.533452,census_place
MS,Cleveland,33.744008,-90.728476,census_place
MS,Coldwater,34.690376,-89.975517,census_place
MS,Collins,31.648272,-89.567581,census_place
MS,Columbia,31.258593,-89.818669,census_place
MS,Columbus,33.508208,-88.407128,census_place
MS,Como,34.513561,-89.939947,census_place
MS,Corinth,34.948353,-88.513618,census_place
MS,Ecru,34.347992,-89.025632,census_place
MS,Ellisville,31.597277,-89.210269,census_place
MS,Florence,32.155615,-90.122454,census_place
MS,Flowood,32.336101,-90.072874,census_place
MS,Forest,32.359838,-89.475908,census_place
MS,Greenville,33.383461,-91.052314,census_place
MS,Greenwood,33.512460,-90.198963,census_place
MS,Grenada,33.781445,-89.811547,census_place
MS,Gulfport,30.419487,-89.069022,census_place
MS,Guntown,34.444829,-88.666279,census_place
MS,Hattiesburg,31.307305,-89.317434,census_place
MS,Heidelberg,31.890513,-88.990218,census_place
MS,Holly Springs,34.778017,-89.445819,census_place
MS,Houston,33.896187,-89.003490,census_place
MS,Indianola,33.448896,-90.643752,census_place
MS,Jackson,32.315834,-90.212850,census_place
MS,Kosciusko,33.058169,-89.589364,census_place
MS,Lake,32.329992,-89.314350,census_place
MS,Lauderdale,32.510394,-88.526366,census_place
MS,Laurel,31.691221,-89.148290,census_place
MS,Lawrence,32.325144,-89.232839,nominatim
MS,Leland,33.404834,-90.890925,census_place
MS,Louisville,33.122934,-89.054879,census_place
MS,Lucedale,30.931213,-88.595896,census_place
MS,Lyon,34.216925,-90.543195,census_place
MS,Madison,32.473884,-90.130865,census_place
MS,Magee,31.873006,-89.734001,census_place
MS,Mathiston,33.538877,-89.125890,census_place
MS,McComb,31.244474,-90.471593,census_place
MS,Mccomb,31.244474,-90.471593,census_place
MS,Meridian,32.384170,-88.689448,census_place
MS,Morton,32.345528,-89.659145,census_place
MS,Moss Point,30.425914,-88.532733,census_place
MS,Mount Pleasant,34.953977,-89.525599,census_place
MS,Natchez,31.542438,-91.385649,census_place
MS,New Albany,34.492286,-89.021720,census_place
MS,New Augusta,31.203377,-89.029338,census_place
MS,Newton,32.330112,-89.147528,census_place
MS,Oakland,34.057581,-89.913225,census_place
MS,Ocean Springs,30.402704,-88.788647,census_place
MS,Okolona,34.005061,-88.747692,census_place
MS,Olive Branch,34.955752,-89.841153,census_place
MS,Oxford,34.351262,-89.536981,census_place
MS,Pearl,32.272456,-90.091827,census_place
MS,Pelahatchie,32.320903,-89.807951,census_place
MS,Picayune,30.530820,-89.670628,census_place
MS,Pickens,32.891320,-89.968775,census_place
MS,Poplarville,30.839699,-89.530092,census_place
MS,Purvis,31.146366,-89.406281,census_place
MS,Red Banks,34.834689,-89.563407,census_place
MS,Richland,32.230413,-90.159622,census_place
MS,Saltillo,34.380293,-88.696217,census_place
MS,Sandersville,31.784016,-89.039758,census_place
MS,Scooba,32.830179,-88.477118,census_place
MS,Senatobia,34.608650,-89.980994,census_place
MS,Shannon,34.114416,-88.693131,census_place
MS,Shelby,33.950528,-90.765091,census_place
MS,Sherman,34.361170,-88.838744,census_place
MS,Terry,32.106057,-90.292595,census_place
MS,Tillatoba,33.985086,-89.896060,census_place
MS,Tishomingo,34.638284,-88.229144,census_place
MS,Toomsuba,32.430282,-88.507088,census_place
MS,Tunica,34.688137,-90.380937,census_place
MS,Tupelo,34.270604,-88.732455,census_place
MS,Vicksburg,32.322004,-90.881557,census_place
MS,Walnut,34.949671,-88.924455,census_place
MS,Water Valley,34.161990,-89.630120,census_place
MS,West Point,33.606236,-88.657568,census_place
MS,Wiggins,30.856048,-89.138981,census_place
MS,Winona,33.490256,-89.729287,census_place
MT,Belgrade,45.778661,-111.177147,census_place
MT,Big Timber,45.834782,-109.948266,census_place
MT,Billings,45.788538,-108.552475,census_place
MT,Boulder,46.235840,-112.119749,census_place
MT,Butte,45.896232,-112.660071,census_place
MT,Chinook,48.590128,-109.231820,census_place
MT,Columbia Falls,48.371476,-114.191834,census_place
MT,Columbus,45.635966,-109.248784,census_place
MT,Conrad,48.174083,-111.946593,census_place
MT,Deer Lodge,46.398342,-112.733265,census_place
MT,Dillon,45.217876,-112.634580,census_place
MT,Glendive,47.106473,-104.710856,census_place
MT,Great Falls,47.502518,-111.299970,census_place
MT,Hardin,45.742231,-107.608237,census_place
MT,Helena,46.596556,-112.021765,census_place
MT,Laurel,45.674007,-108.776789,census_place
MT,Lewistown,47.051380,-109.452399,census_place
MT,Livingston,45.665629,-110.555706,census_place
MT,Lolo,46.771857,-114.108453,census_place
MT,Miles City,46.405823,-105.838944,census_place
MT,Milltown,46.871295,-113.881719,nominatim
MT,Missoula,46.874359,-114.026136,census_place
MT,Moore,46.974956,-109.695113,census_place
MT,Park City,45.630946,-108.925311,census_place
MT,Plentywood,48.776020,-104.557296,census_place
MT,Shelby,48.502129,-111.862036,census_place
MT,Sidney,47.715456,-104.167161,census_place
MT,Superior,47.195120,-114.901363,census_place
MT,Three Forks,45.889568,-111.552748,census_place
MT,Whitehall,45.870987,-112.097584,census_place
NC,Ahoskie,36.284126,-76.990105,census_place
NC,Apex,35.725577,-78.879919,census_place
NC,Asheboro,35.713768,-79.813253,census_place
NC,Belhaven,35.542961,-76.623111,census_place
NC,Bethel,35.807223,-77.376250,census_place
NC,Bladenboro,34.540870,-78.794660,census_place
NC,Burgaw,34.551466,-77.923012,census_place
NC,Candler,35.544436,-82.683803,nominatim
NC,Candor,35.296389,-79.732521,census_place
NC,Charlotte,35.209045,-80.830990,census_place
NC,Chocowinity,35.514640,-77.101470,census_place
NC,Clinton,35.000430,-78.331540,census_place
NC,Colfax,35.351028,-81.754419,census_cousub
NC,Columbia,35.923406,-76.240480,census_place
NC,Conover,35.715216,-81.216825,census_place
NC,Creedmoor,36.125026,-78.677955,census_place
NC,Delco,34.318818,-78.226661,census_place
NC,Denver,35.545552,-81.044706,census_place
NC,Dunn,35.311635,-78.612962,census_place
NC,Durham,35.977928,-78.898109,census_place
NC,Edenton,36.058565,-76.598979,census_place
NC,Elizabeth City,36.294216,-76.238162,census_place
NC,Elkin,36.263365,-80.847106,census_place
NC,Evergreen,34.414860,-78.911375,census_place
NC,Farmville,35.595026,-77.590618,census_place
NC,Fayetteville,35.082766,-78.973515,census_place
NC,Flat Rock,35.271228,-82.441508,nominatim
NC,Garner,35.689477,-78.614599,census_place
NC,Gastonia,35.248796,-81.186436,census_place
NC,Goldsboro,35.378226,-77.971869,census_place
NC,Graham,36.056356,-79.389436,census_place
NC,Grantsboro,35.144868,-76.844682,census_place
NC,Greensboro,36.094850,-79.823624,census_place
NC,Greenville,35.596431,-77.375256,census_place
NC,Hamptonville,36.098468,-80.760345,nominatim
NC,Harrisburg,35.307549,-80.645617,census_place
NC,Haw River,36.091898,-79.358943,census_place
NC,Hendersonville,35.323353,-82.455840,census_place
NC,Hertford,36.176849,-76.466552,census_place
NC,Hickory,35.739671,-81.320237,census_place
NC,High Point,35.990803,-79.992713,census_place
NC,Hope Mills,34.969195,-78.959887,census_place
NC,Jacksonville,34.729730,-77.393661,census_place
NC,Jonesville,36.235280,-80.833680,census_place
NC,Kannapolis,35.479281,-80.638032,census_place
NC,Kenly,35.600767,-78.127935,census_place
NC,Kernersville,36.106171,-80.081895,census_place
NC,Kinston,35.275099,-77.593368,census_place
NC,Leland,34.213736,-78.043181,census_place
NC,Lewiston Woodville,36.114886,-77.179554,census_place
NC,Lexington,35.797180,-80.274285,census_place
NC,Lillington,35.413080,-78.811703,census_place
NC,Linwood,35.750694,-80.317831,nominatim
NC,Lumberton,34.630608,-79.018601,census_place
NC,Marion,35.676113,-82.001114,census_place
NC,Maxton,34.736500,-79.352731,census_place
NC,Mc Leansville,36.097555,-79.654748,census_place
NC,Mebane,36.081679,-79.276742,census_place
NC,Midland,35.249167,-80.530075,census_place
NC,Mocksville,35.899716,-80.561095,census_place
NC,Monroe,35.001591,-80.561277,census_place
NC,Morehead City,34.727891,-76.739088,census_place
NC,Mount Airy,36.508487,-80.614538,census_place
NC,New Bern,35.096688,-77.072641,census_place
NC,Newport,34.770703,-76.879076,census_place
NC,Newton,35.662162,-81.232269,census_place
NC,Oak City,35.962519,-77.305093,census_place
NC,Pilot Mountain,36.383939,-80.474220,census_place
NC,Pinetops,35.791136,-77.637775,census_place
NC,Pleasant Hill,36.254037,-80.894621,census_place
NC,Plymouth,35.858537,-76.748202,census_place
NC,Princeton,35.466721,-78.161601,census_place
NC,Raeford,34.981303,-79.229567,census_place
NC,Raleigh,35.831868,-78.641042,census_place
NC,Reidsville,36.341304,-79.673826,census_place
NC,Rich Square,36.273942,-77.283906,census_place
NC,Richlands,34.900157,-77.542825,census_place
NC,Riegelwood,34.340103,-78.220362,census_place
NC,Rocky Mount,35.968514,-77.808294,census_place
NC,Rocky Point,34.444048,-77.890907,census_place
NC,Rural Hall,36.224504,-80.296908,census_place
NC,Saint Pauls,34.809197,-78.976559,census_place
NC,Salisbury,35.666161,-80.492629,census_place
NC,Saluda,35.237523,-82.346908,census_place
NC,Sanford,35.493776,-79.176464,census_place
NC,Seaboard,36.490690,-77.441966,census_place
NC,Selma,35.539726,-78.291735,census_place
NC,Shelby,35.290405,-81.545645,census_place
NC,Siler City,35.727067,-79.463662,census_place
NC,Spring Hope,35.944126,-78.108966,census_place
NC,Spring Lake,35.184590,-78.994722,census_place
NC,Statesville,35.785493,-80.872962,census_place
NC,Stedman,35.013483,-78.700121,census_place
NC,Stokesdale,36.228073,-79.977413,census_place
NC,Supply,34.017672,-78.267499,nominatim
NC,Swansboro,34.693583,-77.134274,census_place
NC,Tar Heel,34.733896,-78.790896,census_place
NC,Troutman,35.696962,-80.884971,census_place
NC,Union Grove,36.008677,-80.854370,census_cousub
NC,Vanceboro,35.303057,-77.156700,census_place
NC,Wade,35.163402,-78.739673,census_place
NC,Wadesboro,34.963829,-80.074694,census_place
NC,Wake Forest,35.964409,-78.513320,census_place
NC,Warsaw,34.999578,-78.092726,census_place
NC,Waynesville,35.485663,-82.999206,census_place
NC,Whitakers,36.105704,-77.712972,census_place
NC,Whiteville,34.330456,-78.701435,census_place
NC,Whitsett,36.079180,-79.572345,census_place
NC,Wilkesboro,36.142425,-81.176895,census_place
NC,Williamston,35.846539,-77.066078,census_place
NC,Wilmington,34.209225,-77.885767,census_place
NC,Wilson,35.731488,-77.930750,census_place
NC,Windsor,35.993046,-76.939899,census_place
NC,Winnabow,34.149337,-78.093605,nominatim
NC,Winston Salem,36.102863,-80.260829,census_place
NC,Winton,36.389448,-76.934729,census_place
NC,Youngsville,36.035072,-78.481652,census_place
ND,Alexander,47.838058,-103.643203,census_place
ND,Beach,46.918747,-104.005446,census_place
ND,Belfield,46.886789,-103.195481,census_place
ND,Bismarck,46.814583,-100.770089,census_place
ND,Bowman,46.184324,-103.402946,census_place
ND,Carpio,48.443445,-101.716317,census_place
ND,Carrington,47.452851,-99.131033,census_place
ND,Casselton,46.896365,-97.212604,census_place
ND,Devils Lake,48.112578,-98.874762,census_place
ND,Dickinson,46.892780,-102.795960,census_place
ND,Drayton,48.562060,-97.179496,census_place
ND,Dunseith,48.813033,-100.062233,census_place
ND,Fargo,46.864700,-96.829080,census_place
ND,Fessenden,47.649308,-99.627008,census_place
ND,Grand Forks,47.919595,-97.087328,census_place
ND,Grassy Butte,47.392514,-103.247966,nominatim
ND,Hankinson,46.073987,-96.891008,census_place
ND,Harwood,46.977008,-96.881035,census_place
ND,Jamestown,46.905851,-98.693579,census_place
ND,Kenmare,48.672812,-102.072030,census_place
ND,Killdeer,47.368751,-102.746201,census_place
ND,Leeds,48.287207,-99.434292,census_place
ND,Mandan,46.829484,-100.887060,census_place
ND,Minot,48.236125,-101.277533,census_place
ND,New Salem,46.843050,-101.417941,census_place
ND,New Town,47.989075,-102.488305,census_place
ND,Oakes,46.139704,-98.087123,census_place
ND,Pembina,48.967087,-97.246861,census_place
ND,Richardton,46.881347,-102.333179,census_place
ND,Rugby,48.365422,-99.990223,census_place
ND,Stanley,48.313784,-102.397321,census_place
ND,Steele,46.856801,-99.918125,census_place
ND,Sterling,46.851260,-100.267087,census_cousub
ND,Tioga,48.394617,-102.943490,census_place
ND,Tower City,46.926308,-97.676035,census_place
ND,Valley City,46.922573,-98.004137,census_place
ND,Wahpeton,46.272083,-96.612203,census_place
ND,Watford City,47.801492,-103.266731,census_place
ND,West Fargo,46.856380,-96.904809,census_place
ND,Williston,48.189496,-103.649117,census_place
ND,Wilton,47.157997,-100.783985,census_place
NE,Alda,40.866567,-98.468050,census_place
NE,Alliance,42.102567,-102.876188,census_place
NE,Alma,40.103565,-99.365693,census_place
NE,Aurora,40.864656,-98.008069,census_place
NE,Beatrice,40.273281,-96.745954,census_place
NE,Bennet,40.681727,-96.503932,census_place
NE,Big Springs,41.060902,-102.074466,census_place
NE,Broken Bow,41.405188,-99.640758,census_place
NE,Burwell,41.780044,-99.134214,census_place
NE,Cairo,41.004776,-98.600552,census_place
NE,Cambridge,40.284302,-100.165800,census_place
NE,Central City,41.113043,-98.000335,census_place
NE,Chadron,42.825975,-103.002478,census_place
NE,Columbus,41.437066,-97.357351,census_place
NE,Cozad,40.861301,-99.986366,census_place
NE,Crete,40.624769,-96.952498,census_place
NE,Doniphan,40.774306,-98.371263,census_place
NE,Eagle,40.815943,-96.432585,census_place
NE,Elgin,41.983115,-98.082773,census_place
NE,Elm Creek,40.720084,-99.375590,census_place
NE,Fairmont,40.633554,-97.584954,census_place
NE,Falls City,40.062208,-95.599013,census_place
NE,Fremont,41.439842,-96.487000,census_place
NE,Geneva,40.530692,-97.597135,census_place
NE,Genoa,41.445874,-97.733273,census_place
NE,Gibbon,40.745932,-98.845848,census_place
NE,Gordon,42.806378,-102.204002,census_place
NE,Gothenburg,40.924676,-100.153929,census_place
NE,Grand Island,40.921352,-98.358559,census_place
NE,Greenwood,40.961687,-96.443043,census_place
NE,Gretna,41.127917,-96.196863,census_place
NE,Hastings,40.596264,-98.390320,census_place
NE,Hebron,40.168769,-97.585984,census_place
NE,Henderson,40.780250,-97.812209,census_place
NE,Hershey,41.160187,-100.998528,census_place
NE,Holdrege,40.439441,-99.377037,census_place
NE,Jackson,42.448167,-96.571302,census_place
NE,Laurel,42.428614,-97.096363,census_place
NE,Lexington,40.777453,-99.746755,census_place
NE,Lincoln,40.810284,-96.674856,census_place
NE,Milford,40.772568,-97.054119,census_place
NE,Norfolk,42.028216,-97.427807,census_place
NE,North Platte,41.124960,-100.750359,census_place
NE,Ogallala,41.129595,-101.720677,census_place
NE,Omaha,41.262705,-96.053475,census_place
NE,Oneill,42.461533,-98.646955,census_place
NE,Ord,41.602781,-98.919257,census_place
NE,Overton,40.740570,-99.537410,census_place
NE,Palmyra,40.705701,-96.392119,census_place
NE,Plainview,42.353346,-97.787145,census_place
NE,Roca,40.658469,-96.661397,census_place
NE,Saint Paul,41.213669,-98.459446,census_place
NE,Schuyler,41.450134,-97.061591,census_place
NE,Scottsbluff,41.868088,-103.662035,census_place
NE,Seward,40.909211,-97.096095,census_place
NE,Shelby,41.194247,-97.426267,census_place
NE,Sidney,41.133633,-102.969540,census_place
NE,South Sioux City,42.462124,-96.412965,census_place
NE,Superior,40.021734,-98.061836,census_place
NE,Syracuse,40.663504,-96.182733,census_place
NE,Tecumseh,40.371817,-96.188706,census_place
NE,Trenton,40.174733,-101.013573,census_place
NE,Valentine,42.875511,-100.547067,census_place
NE,Valley,41.317001,-96.362256,census_place
NE,Waco,40.897000,-97.461747,census_place
NE,Wahoo,41.217120,-96.617844,census_place
NE,Wayne,42.237481,-97.008862,census_place
NE,West Point,41.837741,-96.705918,census_place
NE,Wisner,41.989686,-96.914926,census_place
NE,Wood River,40.819572,-98.604176,census_place
NE,York,40.869389,-97.592739,census_place
NH,Auburn,42.997059,-71.365806,census_cousub
NH,Barrington,43.215566,-71.038980,census_cousub
NH,Bow,43.133177,-71.537242,census_cousub
NH,Candia,43.056895,-71.340635,census_cousub
NH,Concord,43.232493,-71.561252,census_place
NH,Enfield,43.643800,-72.146872,census_place
NH,Epping,43.034896,-71.098414,census_place
NH,Gorham,44.393447,-71.198500,census_place
NH,Greenland,43.039732,-70.845622,census_cousub
NH,Hudson,42.763811,-71.432010,census_place
NH,Lebanon,43.635428,-72.253837,census_place
NH,Londonderry,42.853398,-71.362425,census_place
NH,Merrimack,42.852034,-71.519876,census_cousub
NH,New Hampton,43.610629,-71.652754,census_place
NH,Northwood,43.211856,-71.223393,census_cousub
NH,Portsmouth,43.060594,-70.780349,census_place
NH,Raymond,43.035577,-71.175454,census_place
NH,Walpole,43.078344,-72.424804,census_place
NH,Warner,43.284261,-71.824059,census_place
NH,West Chesterfield,42.904248,-72.515645,nominatim
NJ,Avenel,40.584334,-74.271626,census_place
NJ,Bloomsbury,40.656886,-75.076225,census_place
NJ,Bordentown,40.149693,-74.707679,census_place
NJ,Bound Brook,40.567749,-74.537250,census_place
NJ,Budd Lake,40.873494,-74.736828,census_place
NJ,Burlington,40.078824,-74.852483,census_place
NJ,Carlstadt,40.826431,-74.062335,census_place
NJ,Carteret,40.583790,-74.227457,census_place
NJ,Cherry Hill,39.904611,-74.997000,census_cousub
NJ,Clementon,39.802681,-74.983763,census_place
NJ,Clinton,40.636794,-74.915205,census_place
NJ,Columbia,40.925868,-75.094062,census_place
NJ,Cranbury,40.313450,-74.520233,census_place
NJ,Delaware,40.892819,-75.069436,census_place
NJ,East Brunswick,40.426249,-74.418244,census_cousub
NJ,East Rutherford,40.817097,-74.085024,census_place
NJ,Edison,40.504396,-74.348843,census_cousub
NJ,Elizabeth,40.666367,-74.193503,census_place
NJ,Elizabethport,40.650103,-74.187089,nominatim
NJ,Fairfield,40.883724,-74.306872,nominatim
NJ,Flemington,40.508641,-74.859869,census_place
NJ,Franklinville,39.618004,-75.072981,census_place
NJ,Hampton,40.704570,-74.971525,census_place
NJ,Hillsborough,40.508074,-74.652880,census_place
NJ,Jersey City,40.711417,-74.064760,census_place
NJ,Kearny,40.752332,-74.123093,census_place
NJ,Ledgewood,40.883268,-74.668029,census_place
NJ,Linden,40.627337,-74.236310,census_place
NJ,Mahwah,41.082067,-74.183061,census_cousub
NJ,Monmouth Junction,40.376068,-74.557923,census_place
NJ,Monroe Township,40.335756,-74.433446,nominatim
NJ,Montague,41.280958,-74.730511,census_cousub
NJ,Mount Holly,39.995336,-74.786473,census_cousub
NJ,Mount Laurel,39.948992,-74.900247,census_cousub
NJ,Newark,40.724220,-74.172574,census_place
NJ,Newfield,39.551041,-75.010217,census_place
NJ,North Bergen,40.793644,-74.025027,census_cousub
NJ,North Brunswick,40.450392,-74.479416,census_cousub
NJ,Palisades Park,40.847017,-73.997061,census_place
NJ,Palmyra,40.003099,-75.035889,census_place
NJ,Paulsboro,39.839975,-75.239960,census_place
NJ,Penns Grove,39.727704,-75.469035,census_place
NJ,Pennsauken,39.968368,-75.057851,census_cousub
NJ,Perth Amboy,40.520160,-74.271331,census_place
NJ,Phillipsburg,40.691974,-75.179006,census_place
NJ,Richwood,39.716021,-75.172451,census_place
NJ,Ridgefield,40.832677,-74.014088,census_place
NJ,Ringoes,40.430883,-74.871795,census_place
NJ,Riverton,40.011135,-75.014128,census_place
NJ,Roebling,40.117217,-74.777844,census_place
NJ,Rosenhayn,39.478674,-75.137962,census_place
NJ,Secaucus,40.781958,-74.067649,census_place
NJ,South Amboy,40.486391,-74.278762,census_place
NJ,South Plainfield,40.574413,-74.414800,census_place
NJ,Thorofare,39.854728,-75.198685,census_place
NJ,Trenton,40.223841,-74.763624,census_place
NJ,Vineland,39.465007,-74.997115,census_place
NJ,Woodbridge,40.552857,-74.286939,census_place
NM,Alamogordo,32.883619,-105.963607,census_place
NM,Albuquerque,35.104780,-106.646809,census_place
NM,Algodones,35.370711,-106.488878,census_place
NM,Artesia,32.852173,-104.424570,census_place
NM,Aztec,36.815898,-107.970312,census_place
NM,Belen,34.766572,-106.808512,census_place
NM,Bernalillo,35.312363,-106.554104,census_place
NM,Carlsbad,32.400790,-104.241012,census_place
NM,Carrizozo,33.643341,-105.841132,census_place
NM,Casa Blanca,35.046318,-107.471394,nominatim
NM,Clayton,36.446033,-103.148863,census_place
NM,Clines Corners,35.009498,-105.669180,nominatim
NM,Clovis,34.438569,-103.194194,census_place
NM,Deming,32.263076,-107.752490,census_place
NM,Eunice,32.436147,-103.149043,census_place
NM,Farmington,36.753833,-108.180530,census_place
NM,Flora Vista,36.803059,-108.090194,census_place
NM,Gallup,35.513753,-108.743733,census_place
NM,Hatch,32.673119,-107.161993,census_place
NM,Hobbs,32.729089,-103.160588,census_place
NM,Jal,32.114838,-103.189996,census_place
NM,Jamestown,35.469295,-108.439555,census_place
NM,Las Cruces,32.326444,-106.789695,census_place
NM,Las Vegas,35.604818,-105.217023,census_place
NM,Lemitar,34.155034,-106.912241,census_place
NM,Logan,35.355482,-103.453020,census_place
NM,Lordsburg,32.343777,-108.702120,census_place
NM,Los Lunas,34.800870,-106.788691,census_place
NM,Loving,32.286235,-104.097756,census_place
NM,Lovington,32.944466,-103.349225,census_place
NM,Melrose,34.429478,-103.629365,census_place
NM,Milan,35.196782,-107.892371,census_place
NM,Moriarty,35.003368,-106.044427,census_place
NM,Portales,34.177289,-103.355084,census_place
NM,Raton,36.884966,-104.439572,census_place
NM,Roswell,33.373442,-104.529393,census_place
NM,San Jon,35.111299,-103.336299,census_place
NM,Santa Rosa,34.936051,-104.675021,census_place
NM,Santa Teresa,31.871360,-106.673424,census_place
NM,Springer,36.365411,-104.600218,census_place
NM,Tatum,33.255394,-103.310822,census_place
NM,Texico,34.389212,-103.050682,census_place
NM,Tinnie,33.370556,-105.226367,nominatim
NM,Tucumcari,35.170291,-103.705046,census_place
NM,Tularosa,33.075001,-106.017299,census_place
NM,Vado,32.127881,-106.657073,census_place
NM,Vaughn,34.607206,-105.212594,census_place
NV,Battle Mountain,40.628371,-116.948553,census_place
NV,Carlin,40.719013,-116.108045,census_place
NV,Carson City,39.153060,-119.747368,census_cousub
NV,Elko,40.838111,-115.767809,census_place
NV,Ely,39.264928,-114.870868,census_place
NV,Fallon,39.473663,-118.777865,census_place
NV,Fernley,39.564770,-119.189433,census_place
NV,Gardnerville,38.939000,-119.736879,census_place
NV,Hawthorne,38.525267,-118.626031,census_place
NV,Henderson,36.008958,-115.026800,census_place
NV,Imlay,40.658106,-118.144098,census_place
NV,Indian Springs,36.571844,-115.720313,census_place
NV,Jackpot,41.979455,-114.664598,census_place
NV,Jean,35.778857,-115.324382,nominatim
NV,Las Vegas,36.233499,-115.264037,census_place
NV,Lovelock,40.178738,-118.477442,census_place
NV,MC DERMITT,41.990328,-117.720796,census_place
NV,Mesquite,36.811120,-114.125652,census_place
NV,Minden,38.964576,-119.766621,census_place
NV,Moapa,36.667365,-114.584977,nominatim
NV,North Las Vegas,36.289865,-115.089181,census_place
NV,Reno,39.549097,-119.849907,census_place
NV,Searchlight,35.455431,-114.920426,census_place
NV,Sparks,39.574341,-119.715154,census_place
NV,Tonopah,38.082160,-117.224586,census_place
NV,Wells,41.113155,-114.953537,census_place
NV,West Wendover,40.740253,-114.078633,census_place
NV,Winnemucca,40.964432,-117.724582,census_place
NV,Yerington,38.955475,-119.110115,census_place
NY,Albany,42.665745,-73.798353,census_place
NY,Apalachin,42.063844,-76.156757,census_place
NY,Avon,42.912842,-77.746490,census_place
NY,Bath,42.336093,-77.316860,census_place
NY,Belmont,42.220105,-78.030794,census_place
NY,Bergen,43.082601,-77.942458,census_place
NY,Binghamton,42.101331,-75.909369,census_place
NY,Brewerton,43.232432,-76.144820,census_place
NY,Bronx,40.848711,-73.852939,census_cousub
NY,Buffalo,42.892492,-78.859686,census_place
NY,Campbell,42.235043,-77.193694,census_place
NY,Canaan,42.403004,-73.456777,census_cousub
NY,Canajoharie,42.899080,-74.567869,census_place
NY,Canastota,43.084149,-75.755495,census_place
NY,Castle Creek,42.227575,-75.918253,nominatim
NY,Castleton On Hudson,42.536568,-73.747924,census_place
NY,Cayuta,42.271993,-76.684886,census_cousub
NY,Central Square,43.285986,-76.141879,census_place
NY,Champlain,44.988281,-73.432429,census_place
NY,Clifton Park,42.858993,-73.822974,census_cousub
NY,Copiague,40.670358,-73.392761,census_place
NY,Corfu,42.961163,-78.402610,census_place
NY,Dansville,42.562482,-77.696927,census_place
NY,East Syracuse,43.063823,-76.069789,census_place
NY,Elmira,42.093388,-76.809610,census_place
NY,Fort Ann,43.415731,-73.490513,census_place
NY,Fort Edward,43.268618,-73.582617,census_place
NY,Fultonville,42.946229,-74.369778,census_place
NY,Gansevoort,43.196205,-73.651397,nominatim
NY,Glenmont,42.604802,-73.769566,nominatim
NY,Harpursville,42.178412,-75.624630,nominatim
NY,Henrietta,43.054316,-77.640078,census_cousub
NY,Hogansburg,44.973936,-74.663242,nominatim
NY,Horseheads,42.168632,-76.829658,census_place
NY,Irving,42.567559,-79.112817,nominatim
NY,Islandia,40.806862,-73.171084,census_place
NY,Jamestown,42.097603,-79.236135,census_place
NY,Jordan,43.067069,-76.472920,census_place
NY,La Fayette,42.907651,-76.103328,census_cousub
NY,Lancaster,42.900600,-78.668775,census_place
NY,Lewis,44.275196,-73.565826,nominatim
NY,Limestone,42.017267,-78.631327,census_place
NY,Liverpool,43.105566,-76.209664,census_place
NY,Livingston,42.138944,-73.797118,census_cousub
NY,Mc Graw,42.593765,-76.097502,census_place
NY,Medford,40.821979,-72.985918,census_place
NY,Montezuma,43.013147,-76.698035,census_cousub
NY,Montgomery,41.521266,-74.238661,census_place
NY,New Hampton,41.409866,-74.411744,nominatim
NY,Newburgh,41.503249,-74.019640,census_place
NY,Niagara Falls,43.092841,-79.014743,census_place
NY,Nichols,42.020017,-76.370402,census_place
NY,Oneonta,42.454818,-75.066884,census_place
NY,Otego,42.392799,-75.180071,census_place
NY,Painted Post,42.163762,-77.092384,census_place
NY,Parish,43.405802,-76.126370,census_place
NY,Peru,44.579326,-73.533292,census_place
NY,Phelps,42.958057,-77.062121,census_place
NY,Plattsburgh,44.692025,-73.458276,census_place
NY,Pulaski,43.565504,-76.126035,census_place
NY,Queensbury,43.368207,-73.673872,census_cousub
NY,Randolph,42.162290,-78.979690,census_place
NY,Red Creek,43.247903,-76.722852,census_place
NY,Ripley,42.265686,-79.712302,census_place
NY,Rochester,43.169927,-77.616891,census_place
NY,Rome,43.226002,-75.489523,census_place
NY,Salamanca,42.164734,-78.741263,census_place
NY,Sanborn,43.145054,-78.877748,census_place
NY,Sangerfield,42.891607,-75.380220,census_cousub
NY,Schenectady,42.802641,-73.927200,census_place
NY,Seneca Falls,42.911607,-76.797058,census_place
NY,Syracuse,43.040998,-76.143554,census_place
NY,Ticonderoga,43.842344,-73.423035,census_place
NY,Tully,42.798186,-76.110237,census_place
NY,Utica,43.096382,-75.225983,census_place
NY,Waterloo,42.904586,-76.859023,census_place
NY,Watertown,43.973292,-75.910039,census_place
NY,Weedsport,43.048124,-76.563607,census_place
NY,West Coxsackie,42.360640,-73.816792,nominatim
NY,Wolcott,43.222785,-76.812133,census_place
NY,Yorkshire,42.523364,-78.475525,census_place
OH,Akron,41.080456,-81.521429,census_place
OH,Alvada,41.050332,-83.401869,nominatim
OH,Amherst,41.405329,-82.231725,census_place
OH,Anna,40.395364,-84.175659,census_place
OH,Ashland,40.867068,-82.315152,census_place
OH,Ashville,39.724340,-82.957472,census_place
OH,Austinburg,41.769168,-80.855605,census_place
OH,Avon,41.445100,-82.005109,census_place
OH,Barberton,41.006903,-81.604390,census_place
OH,Beaverdam,40.832487,-83.973383,census_place
OH,Bedford,41.392123,-81.534680,census_place
OH,Bellefontaine,40.362702,-83.762989,census_place
OH,Bellville,40.617729,-82.513147,census_place
OH,Belmont,40.027979,-81.040933,census_place
OH,Berea,41.370548,-81.861757,census_place
OH,Bidwell,38.920936,-82.285388,census_place
OH,Bradner,41.323884,-83.436366,census_place
OH,Broadview Heights,41.318156,-81.679262,census_place
OH,Brookpark,41.404309,-81.820342,census_place
OH,Brookville,39.839007,-84.416278,census_place
OH,Bucyrus,40.805119,-82.971632,census_place
OH,Burbank,40.986232,-81.994840,census_place
OH,Caldwell,39.746354,-81.512976,census_place
OH,Cambridge,40.020933,-81.585468,census_place
OH,Canton,40.807650,-81.367228,census_place
OH,Carey,40.945814,-83.386095,census_place
OH,Carroll,39.802585,-82.706178,census_place
OH,Carrollton,40.578747,-81.090820,census_place
OH,Chillicothe,39.340502,-82.996102,census_place
OH,Cincinnati,39.140183,-84.505829,census_place
OH,Circleville,39.601152,-82.932515,census_place
OH,Cleveland,41.478462,-81.679435,census_place
OH,Clyde,41.303585,-82.979425,census_place
OH,Columbus,39.983938,-82.984882,census_place
OH,Conneaut,41.927299,-80.568382,census_place
OH,Coolville,39.216237,-81.799648,census_place
OH,Coshocton,40.261752,-81.847292,census_place
OH,Dalton,40.799562,-81.703719,census_place
OH,Dayton,39.784743,-84.199632,census_place
OH,Delaware,40.286476,-83.074864,census_place
OH,Delphos,40.846581,-84.336474,census_place
OH,Delta,41.579283,-84.020862,census_place
OH,Diamond,41.098946,-81.022871,nominatim
OH,Dover,40.530048,-81.481028,census_place
OH,Eaton,39.750107,-84.634469,census_place
OH,Edon,41.556168,-84.769373,census_place
OH,Elyria,41.372778,-82.108009,census_place
OH,Etna,39.955172,-82.686083,census_place
OH,Fairborn,39.799578,-84.008482,census_place
OH,Findlay,41.047364,-83.638093,census_place
OH,Franklin,39.554951,-84.295728,census_place
OH,Fremont,41.353019,-83.115590,census_place
OH,Galion,40.738216,-82.781327,census_place
OH,Gallipolis,38.820082,-82.190972,census_place
OH,Geneva,41.800749,-80.946251,census_place
OH,Genoa,41.518631,-83.364531,census_place
OH,Girard,41.165648,-80.696089,census_place
OH,Grafton,41.284140,-82.029968,census_place
OH,Greenville,40.104708,-84.621450,census_place
OH,Groveport,39.857337,-82.891442,census_place
OH,Hannibal,39.671769,-80.874105,census_place
OH,Harrison,39.256580,-84.786202,census_place
OH,Hebron,39.965248,-82.486506,census_place
OH,Holland,41.619253,-83.708216,census_place
OH,Hubbard,41.158121,-80.564651,census_place
OH,Ironton,38.532596,-82.678090,census_place
OH,Jackson,39.044460,-82.644658,census_place
OH,Jeffersonville,39.653439,-83.551562,census_place
OH,Kent,41.147561,-81.361965,census_place
OH,Kingsville,41.882032,-80.674965,census_place
OH,Lancaster,39.725228,-82.605246,census_place
OH,Lebanon,39.424229,-84.217998,census_place
OH,Lima,40.740679,-84.112091,census_place
OH,Lockbourne,39.808900,-82.987294,census_place
OH,London,39.892845,-83.438875,census_place
OH,Lore City,39.983203,-81.460077,census_place
OH,Lowellville,41.037167,-80.542180,census_place
OH,Madison,41.772258,-81.052983,census_place
OH,Malvern,40.689494,-81.180409,census_place
OH,Mansfield,40.766720,-82.530820,census_place
OH,Mantua,41.281952,-81.222399,census_place
OH,Marengo,40.400820,-82.810994,census_place
OH,Marietta,39.423166,-81.446426,census_place
OH,Marion,40.596746,-83.123185,census_place
OH,Mason,39.360722,-84.295867,census_place
OH,Massillon,40.784483,-81.525216,census_place
OH,Maumee,41.571125,-83.666250,census_place
OH,Mendon,40.672717,-84.517854,census_place
OH,Middletown,39.502952,-84.364893,census_place
OH,Millbury,41.564731,-83.425516,census_place
OH,Millersport,39.896382,-82.541954,census_place
OH,Monroe,39.445990,-84.365772,census_place
OH,Monroeville,41.243843,-82.702575,census_place
OH,Montpelier,41.584246,-84.591569,census_place
OH,Mount Eaton,40.694805,-81.702164,census_place
OH,Mount Gilead,40.554047,-82.827904,census_place
OH,Napoleon,41.397969,-84.124984,census_place
OH,New Carlisle,39.944443,-84.027667,census_place
OH,New Concord,39.993659,-81.738064,census_place
OH,New Paris,39.856678,-84.791916,census_place
OH,New Philadelphia,40.486484,-81.440151,census_place
OH,New Springfield,40.917919,-80.600673,census_place
OH,Newcomerstown,40.275264,-81.596034,census_place
OH,Newton Falls,41.192553,-80.967979,census_place
OH,North Baltimore,41.179755,-83.668259,census_place
OH,North Canton,40.874146,-81.397134,census_place
OH,North Jackson,41.100127,-80.857174,nominatim
OH,North Lima,40.947372,-80.664007,census_place
OH,Norwalk,41.244573,-82.608950,census_place
OH,Oregon,41.655956,-83.438325,census_place
OH,Orrville,40.848267,-81.776894,census_place
OH,Parkman,41.372206,-81.055012,census_place
OH,Paulding,41.142663,-84.582657,census_place
OH,Perrysburg,41.538986,-83.644132,census_place
OH,Port Clinton,41.509718,-82.938339,census_place
OH,Quaker City,39.969656,-81.297357,census_place
OH,Ravenna,41.161567,-81.242058,census_place
OH,Richfield,41.233132,-81.643941,census_place
OH,Rittman,40.973373,-81.784583,census_place
OH,Rockbridge,39.586228,-82.526229,census_place
OH,Rossford,41.577572,-83.572178,census_place
OH,Sandusky,41.455885,-82.714436,census_place
OH,Sardinia,39.007113,-83.802101,census_place
OH,Seville,41.020726,-81.867136,census_place
OH,Shelby,40.885138,-82.658308,census_place
OH,Sidney,40.289527,-84.166729,census_place
OH,South Vienna,39.929321,-83.613934,census_place
OH,Springfield,39.928908,-83.794241,census_place
OH,Steubenville,40.366310,-80.657061,census_place
OH,Strasburg,40.600595,-81.529351,census_place
OH,Sunbury,40.249405,-82.880199,census_place
OH,Tiffin,41.114910,-83.180468,census_place
OH,Tipp City,39.964474,-84.186380,census_place
OH,Toledo,41.664071,-83.581861,census_place
OH,Troy,40.041012,-84.222355,census_place
OH,Twinsburg,41.322594,-81.443123,census_place
OH,Upper Sandusky,40.830669,-83.270709,census_place
OH,Vandalia,39.878977,-84.192224,census_place
OH,Wadsworth,41.027436,-81.732205,census_place
OH,Wapakoneta,40.565229,-84.190695,census_place
OH,Warren,41.239564,-80.816015,census_place
OH,Waterville,41.501971,-83.736852,census_place
OH,Wauseon,41.553441,-84.140136,census_place
OH,Waverly,39.125970,-82.983687,census_place
OH,West Unity,41.588977,-84.430295,census_place
OH,Willard,41.051941,-82.723533,census_place
OH,Willoughby,41.645285,-81.414353,census_place
OH,Wilmington,39.429125,-83.816172,census_place
OH,Wooster,40.819060,-81.931557,census_place
OH,Youngstown,41.099095,-80.645902,census_place
OH,Zanesville,39.955993,-82.013469,census_place
OK,Ada,34.767914,-96.669114,census_place
OK,Afton,36.696535,-94.957463,census_place
OK,Allen,34.877628,-96.412889,census_place
OK,Altus,34.657061,-99.309046,census_place
OK,Alva,36.789566,-98.664877,census_place
OK,Anadarko,35.065296,-98.244469,census_place
OK,Ardmore,34.196507,-97.131848,census_place
OK,Arnett,36.134487,-99.772706,census_place
OK,Atoka,34.386353,-96.131101,census_place
OK,Bartlesville,36.737668,-95.948454,census_place
OK,Big Cabin,36.537602,-95.229368,census_place
OK,Billings,36.537595,-97.441749,census_place
OK,Blackwell,36.801341,-97.300871,census_place
OK,Boise City,36.731336,-102.509522,census_place
OK,Braman,36.923644,-97.335815,census_place
OK,Broken Arrow,36.036529,-95.780996,census_place
OK,Broken Bow,34.028862,-94.741357,census_place
OK,CHANDLER,35.712784,-96.836198,census_place
OK,Calera,33.930829,-96.429060,census_place
OK,Calumet,35.601385,-98.124786,census_place
OK,Checotah,35.482436,-95.522818,census_place
OK,Cherokee,36.750694,-98.357667,census_place
OK,Chickasha,35.040543,-97.947173,census_place
OK,Choctaw,35.484983,-97.269942,census_place
OK,Chouteau,36.189507,-95.338902,census_place
OK,Clinton,35.507101,-98.970503,census_place
OK,Copan,36.900473,-95.925291,census_place
OK,Davis,34.429427,-97.174438,census_place
OK,Dewey,36.790402,-95.933712,census_place
OK,Drumright,35.989923,-96.597424,census_place
OK,Duncan,34.481607,-97.960537,census_place
OK,Durant,33.995153,-96.392540,census_place
OK,Edmond,35.673807,-97.413076,census_place
OK,El Reno,35.541833,-97.961268,census_place
OK,Elk City,35.389612,-99.428749,census_place
OK,Enid,36.406702,-97.869861,census_place
OK,Erick,35.215604,-99.868683,census_place
OK,Eufaula,35.292114,-95.586425,census_place
OK,Geary,35.637076,-98.316976,census_place
OK,Grant,33.936486,-95.517868,census_place
OK,Guthrie,35.876512,-97.408657,census_place
OK,Guymon,36.690101,-101.477046,census_place
OK,Heavener,34.891965,-94.607790,census_place
OK,Hennessey,36.105811,-97.898615,census_place
OK,Henryetta,35.441655,-95.986416,census_place
OK,Hinton,35.493227,-98.354723,census_place
OK,Hooker,36.861360,-101.216256,census_place
OK,Hugo,34.011584,-95.512179,census_place
OK,Idabel,33.907406,-94.822174,census_place
OK,Kingfisher,35.844726,-97.939308,census_place
OK,Kiowa,34.723294,-95.902895,census_place
OK,Lawton,34.617172,-98.421400,census_place
OK,Lindsay,34.840485,-97.609851,census_place
OK,Madill,34.087080,-96.774665,census_place
OK,Marietta,33.937045,-97.116679,nominatim
OK,Marlow,34.631114,-97.956659,census_place
OK,McAlester,34.926128,-95.773619,census_place
OK,Muldrow,35.403420,-94.597523,census_place
OK,Muskogee,35.743797,-95.356405,census_place
OK,Newcastle,35.242395,-97.595336,census_place
OK,Newkirk,36.881797,-97.055292,census_place
OK,Ninnekah,34.964011,-97.944707,census_place
OK,Norman,35.240569,-97.345299,census_place
OK,Nowata,36.699265,-95.637465,census_place
OK,Okemah,35.429269,-96.300309,census_place
OK,Oklahoma City,35.467079,-97.513657,census_place
OK,Okmulgee,35.625162,-95.954032,census_place
OK,Oologah,36.443778,-95.708911,census_place
OK,Pauls Valley,34.710206,-97.224027,census_place
OK,Pawnee,36.351480,-96.800504,census_place
OK,Perkins,35.979763,-97.031290,census_place
OK,Perry,36.280149,-97.308190,census_place
OK,Poteau,35.066650,-94.610269,census_place
OK,Pryor,36.308428,-95.316914,nominatim
OK,Randlett,34.177347,-98.463921,census_place
OK,Red Rock,36.460071,-97.179608,census_place
OK,Roland,35.413179,-94.508525,census_place
OK,S Coffeyville,36.994525,-95.620255,nominatim
OK,Sapulpa,36.004206,-96.123275,census_place
OK,Sayre,35.295653,-99.628239,census_place
OK,Seiling,36.144651,-98.925437,census_place
OK,Seminole,35.234772,-96.649329,census_place
OK,Shattuck,36.264970,-99.877431,census_place
OK,Shawnee,35.369413,-96.956408,census_place
OK,Springer,34.295620,-97.117450,census_place
OK,Stillwater,36.131496,-97.074464,census_place
OK,Stringtown,34.469600,-96.055521,census_place
OK,Stroud,35.768875,-96.650070,census_place
OK,Texhoma,36.505405,-101.787387,census_place
OK,Thackerville,33.787525,-97.139180,census_place
OK,Thomas,35.744773,-98.739686,census_place
OK,Tonkawa,36.670589,-97.315028,census_place
OK,Tulsa,36.127949,-95.902316,census_place
OK,Tupelo,34.602685,-96.420791,census_place
OK,Union City,35.399523,-97.906705,census_place
OK,Valliant,34.007542,-95.084904,census_place
OK,Vinita,36.644152,-95.062183,census_place
OK,Walters,34.358433,-98.356883,census_place
OK,Warner,35.491693,-95.308945,census_place
OK,Watonga,35.847503,-98.402734,census_place
OK,Watts,36.106512,-94.573885,census_place
OK,Waurika,34.183747,-98.026293,census_place
OK,Weatherford,35.537395,-98.684345,census_place
OK,Webbers Falls,35.517003,-95.164221,census_place
OK,Welch,36.874408,-95.094399,census_place
OK,Woodward,36.424832,-99.404726,census_place
OK,Wynnewood,34.642789,-97.162467,census_place
OK,Yukon,35.518409,-97.766172,census_place
OR,Albany,44.626928,-123.096741,census_place
OR,Aurora,45.228317,-122.757227,census_place
OR,Baker City,44.774972,-117.831808,census_place
OR,Boardman,45.836507,-119.692793,census_place
OR,Halsey,44.382845,-123.109487,census_place
OR,Hermiston,45.832948,-119.285212,census_place
OR,Huntington,44.350086,-117.266763,census_place
OR,La Grande,45.324471,-118.086891,census_place
OR,Madras,44.663897,-121.160438,census_place
OR,Ontario,44.025336,-116.977368,census_place
OR,Pendleton,45.675545,-118.819498,census_place
OR,Portland,45.536951,-122.649971,census_place
OR,Salem,44.923900,-123.023007,census_place
OR,Stanfield,45.782187,-119.216064,census_place
OR,Troutdale,45.539220,-122.392673,census_place
OR,Umatilla,45.917612,-119.331979,census_place
OR,Wasco,45.591657,-120.697464,census_place
PA,Alexandria,40.558438,-78.099883,census_place
PA,Allentown,40.593648,-75.478393,census_place
PA,Altoona,40.508052,-78.401114,census_place
PA,Annville,40.332505,-76.507684,census_place
PA,Ashland,40.781106,-76.345046,census_place
PA,Avis,41.185691,-77.316486,census_place
PA,Baden,40.639695,-80.222537,census_place
PA,Bedford,40.015115,-78.503017,census_place
PA,Bellefonte,40.914213,-77.768197,census_place
PA,Bensalem,40.106196,-74.943689,census_cousub
PA,Bentleyville,40.117846,-80.004420,census_place
PA,Bethel,40.476483,-76.287970,census_place
PA,Blairsville,40.432490,-79.259881,census_place
PA,Blakeslee,41.092513,-75.592668,nominatim
PA,Bloomsburg,41.002717,-76.456580,census_place
PA,Blossburg,41.679525,-77.068951,census_place
PA,Bowmansville,40.201730,-76.021030,census_place
PA,Breezewood,39.999012,-78.240422,nominatim
PA,Brogue,39.872355,-76.484639,nominatim
PA,Brookville,41.161676,-79.082652,census_place
PA,Carlisle,40.199994,-77.204149,census_place
PA,Chambersburg,39.931433,-77.655642,census_place
PA,Clairton,40.296656,-79.889026,census_place
PA,Claysburg,40.291448,-78.451419,census_place
PA,Clearfield,41.021498,-78.439398,census_place
PA,Cochranton,41.519097,-80.046991,census_place
PA,Coopersburg,40.510368,-75.391920,census_place
PA,Coudersport,41.775844,-78.016038,census_place
PA,Crescent,40.555653,-80.228561,census_cousub
PA,Croydon,40.090348,-74.896679,census_place
PA,Dalton,41.537610,-75.738270,census_place
PA,Donegal,40.112020,-79.380772,census_place
PA,Douglassville,40.259899,-75.724228,census_place
PA,Drums,41.018139,-75.994925,nominatim
PA,Du Bois,41.122269,-78.756154,census_place
PA,Duncannon,40.395178,-77.027730,census_place
PA,Duncansville,40.426307,-78.430260,census_place
PA,East Berlin,39.936829,-76.979459,census_place
PA,East Earl,40.110171,-76.025953,census_place
PA,East Freedom,40.355235,-78.430471,census_place
PA,Ebensburg,40.488120,-78.726541,census_place
PA,Eighty Four,40.177698,-80.130298,census_place
PA,Elverson,40.153719,-75.830826,census_place
PA,Emlenton,41.180245,-79.708550,census_place
PA,Erie,42.116594,-80.073503,census_place
PA,Everett,40.010867,-78.355903,census_place
PA,Fairless Hills,40.177667,-74.850960,census_place
PA,Falls Creek,41.141959,-78.806947,census_place
PA,Fayetteville,39.911433,-77.565100,census_place
PA,Feasterville Trevose,40.148406,-74.993473,nominatim
PA,Fleetwood,40.456503,-75.821579,census_place
PA,Gap,39.989889,-76.021247,census_place
PA,Gettysburg,39.830597,-77.234147,census_place
PA,Gouldsboro,41.245668,-75.441703,census_place
PA,Greencastle,39.790670,-77.726674,census_place
PA,Greentown,41.321755,-75.305459,nominatim
PA,Hamburg,40.556225,-75.982357,census_place
PA,Harford,41.781996,-75.706221,census_place
PA,Harrisburg,40.275891,-76.885020,census_place
PA,Harrisville,41.136407,-80.010746,census_place
PA,Hazleton,40.950470,-75.972509,census_place
PA,Hermitage,41.229552,-80.440704,census_place
PA,Hershey,40.280010,-76.644328,census_place
PA,Jim Thorpe,40.857215,-75.776338,census_place
PA,Jonestown,40.412972,-76.480726,census_cousub
PA,Kane,41.663008,-78.809016,census_place
PA,King Of Prussia,40.096029,-75.379074,census_place
PA,Kutztown,40.521313,-75.777288,census_place
PA,Lake Ariel,41.453975,-75.382681,nominatim
PA,Lamar,41.010035,-77.523444,census_place
PA,Lancaster,40.042061,-76.300990,census_place
PA,Lawrenceville,41.996136,-77.130392,census_place
PA,Lebanon,40.341193,-76.422735,census_place
PA,Leesport,40.444433,-75.967191,census_place
PA,Leola,40.092953,-76.188963,census_place
PA,Levittown,40.152343,-74.852340,census_place
PA,Liberty,40.325347,-79.856159,nominatim
PA,Lock Haven,41.137115,-77.453239,census_place
PA,Loganton,41.034229,-77.302333,census_place
PA,Loretto,40.508398,-78.635148,census_place
PA,Manheim,40.163273,-76.395973,census_place
PA,Marietta,40.057043,-76.551723,census_place
PA,Mc Kees Rocks,40.469019,-80.063328,census_place
PA,Mechanicsburg,40.211404,-77.005930,census_place
PA,Mercersburg,39.831886,-77.902890,census_place
PA,Middlebury Center,41.843684,-77.274420,nominatim
PA,Middletown,40.170137,-74.885196,nominatim
PA,Mifflintown,40.571174,-77.395140,census_place
PA,Mifflinville,41.030711,-76.302779,census_place
PA,Milesburg,40.942383,-77.791686,census_place
PA,Mill Hall,41.105235,-77.488485,census_place
PA,Milroy,40.719360,-77.589990,census_place
PA,Milton,41.002297,-76.851007,census_place
PA,Monaca,40.683423,-80.273427,census_place
PA,Monroeton,41.712575,-76.474665,nominatim
PA,Monroeville,40.426324,-79.761379,census_place
PA,Morrisville,40.207644,-74.780269,census_cousub
PA,Mount Morris,39.733250,-80.081989,census_place
PA,Mountain Top,41.135302,-75.904430,census_place
PA,Mountville,40.040745,-76.434924,census_place
PA,Muncy,41.202161,-76.785507,census_place
PA,Myerstown,40.372139,-76.305579,census_place
PA,Nanty Glo,40.470561,-78.834011,census_place
PA,Natrona Heights,40.623705,-79.726152,census_place
PA,New Alexandria,40.394456,-79.417524,census_place
PA,New Cumberland,40.228765,-76.878291,census_place
PA,New Milford,41.876143,-75.726561,census_place
PA,New Stanton,40.222332,-79.608800,census_place
PA,Newburg,40.835404,-78.676983,nominatim
PA,North East,42.213367,-79.833351,census_place
PA,Orwigsburg,40.654167,-76.103989,census_place
PA,Perryopolis,40.086831,-79.752596,census_place
PA,Philadelphia,40.009376,-75.133346,census_place
PA,Pine Grove,40.553414,-76.386016,census_place
PA,Pittsburgh,40.439936,-79.975676,census_place
PA,Pittston,41.327920,-75.785684,census_place
PA,Plainfield,40.201172,-77.283279,census_place
PA,Portersville,40.924332,-80.146883,census_place
PA,Reedsville,40.664911,-77.593006,census_place
PA,Ronks,40.028441,-76.176080,census_place
PA,Saint Thomas,39.925436,-77.805123,census_cousub
PA,Sayre,41.985722,-76.520848,census_place
PA,Sharon Hill,39.907433,-75.267787,census_place
PA,Shippensburg,40.048733,-77.523193,census_place
PA,Shippenville,41.250993,-79.462626,census_place
PA,Shoemakersville,40.499901,-75.969774,census_place
PA,Slippery Rock,41.069487,-80.057929,census_place
PA,Smithton,40.153808,-79.741667,census_place
PA,Snow Shoe,41.027650,-77.949720,census_place
PA,Somerset,40.005030,-79.077855,census_place
PA,Stockertown,40.754917,-75.262935,census_place
PA,Strasburg,39.984516,-76.186183,census_place
PA,Tafton,41.404534,-75.182953,nominatim
PA,Tamaqua,40.804055,-75.926617,census_place
PA,Towanda,41.770945,-76.446503,census_place
PA,Troy,41.783315,-76.792222,census_place
PA,Tunkhannock,41.541084,-75.949058,census_place
PA,Uniontown,39.899302,-79.724529,census_place
PA,Verona,40.505672,-79.841947,census_place
PA,Warren,41.842916,-79.143865,census_place
PA,Waterfall,40.127583,-78.062782,nominatim
PA,Wayne,40.039604,-75.392660,census_place
PA,Waynesburg,39.898255,-80.185537,census_place
PA,White Haven,41.059700,-75.786946,census_place
PA,Wrightsville,40.023875,-76.531207,census_place
PA,Wysox,41.814540,-76.377646,census_cousub
PA,York,39.964798,-76.731840,census_place
PA,York Springs,40.009301,-77.115883,census_place
RI,Johnston,41.827440,-71.519879,census_cousub
RI,West Greenwich,41.628605,-71.658874,census_cousub
SC,Abbeville,34.178544,-82.377687,census_place
SC,Aiken,33.531594,-81.725073,census_place
SC,Anderson,34.521487,-82.643517,census_place
SC,Aynor,34.000230,-79.207117,census_place
SC,Batesburg,33.913324,-81.528058,census_place
SC,Beech Island,33.428596,-81.890318,census_place
SC,Bennettsville,34.628218,-79.685958,census_place
SC,Bishopville,34.220070,-80.247370,census_place
SC,Blacksburg,35.122089,-81.518119,census_place
SC,Blythewood,34.209247,-80.995293,census_place
SC,Bowman,33.348302,-80.684293,census_place
SC,Branchville,33.251712,-80.816078,census_place
SC,Campobello,35.125755,-82.149364,census_place
SC,Cayce,33.950498,-81.039806,census_place
SC,Charleston,32.828017,-79.972896,census_place
SC,Chesnee,35.146247,-81.862978,census_place
SC,Clinton,34.473887,-81.860899,census_place
SC,Columbia,34.040519,-80.906099,census_place
SC,Conway,33.834533,-79.049173,census_place
SC,Cowpens,35.018617,-81.804121,census_place
SC,Darlington,34.301383,-79.867174,census_place
SC,Dillon,34.424406,-79.367561,census_place
SC,Duncan,34.932426,-82.143688,census_place
SC,Elgin,34.216537,-80.734428,census_cousub
SC,Enoree,34.660485,-81.962520,census_place
SC,Fair Play,34.508090,-82.986838,census_place
SC,Florence,34.178923,-79.792217,census_place
SC,Fort Mill,35.005997,-80.940000,census_place
SC,Fountain Inn,34.696650,-82.202129,census_place
SC,Gaffney,35.073558,-81.661532,census_place
SC,Gaston,33.817968,-81.099749,census_place
SC,Georgetown,33.372432,-79.280793,census_place
SC,Gilbert,33.924111,-81.391042,census_place
SC,Graniteville,33.564682,-81.809231,census_place
SC,Greenville,34.836902,-82.362997,census_place
SC,Greenwood,34.195397,-82.153665,census_place
SC,Greer,34.933286,-82.230803,census_place
SC,Hardeeville,32.295308,-81.040983,census_place
SC,Harleyville,33.213065,-80.447784,census_place
SC,Hartsville,34.366003,-80.083261,census_place
SC,Hemingway,33.753319,-79.446261,census_place
SC,Honea Path,34.447619,-82.394957,census_place
SC,Inman,35.045786,-82.088485,census_place
SC,Jamestown,33.285876,-79.694592,census_place
SC,Johns Island,32.740290,-80.034125,census_cousub
SC,Ladson,33.009482,-80.107993,census_place
SC,Lancaster,34.723916,-80.785701,census_place
SC,Latta,34.338940,-79.433564,census_place
SC,Laurens,34.502686,-82.021413,census_place
SC,Leesville,33.916532,-81.513437,nominatim
SC,Lexington,33.992877,-81.221797,census_place
SC,Longs,33.953479,-78.773953,census_cousub
SC,Loris,34.057476,-78.888420,census_place
SC,Lugoff,34.211948,-80.697601,census_place
SC,Manning,33.693323,-80.216761,census_place
SC,Marion,34.178658,-79.395659,census_place
SC,Moncks Corner,33.199763,-79.986603,census_place
SC,Newberry,34.279880,-81.600333,census_place
SC,North Augusta,33.523303,-81.956566,census_place
SC,North Charleston,32.917881,-80.065000,census_place
SC,Orangeburg,33.493596,-80.866880,census_place
SC,Pageland,34.770117,-80.385705,census_place
SC,Pelzer,34.642859,-82.460473,census_place
SC,Piedmont,34.705617,-82.466746,census_place
SC,Prosperity,34.213372,-81.528386,census_place
SC,Ravenel,32.776278,-80.231948,census_place
SC,Richburg,34.716622,-81.019577,census_place
SC,Rock Hill,34.938216,-81.019177,census_place
SC,Roebuck,34.878987,-81.964442,census_place
SC,Round O,32.937115,-80.540935,nominatim
SC,Saint George,33.186073,-80.579459,census_place
SC,Saint Matthews,33.664640,-80.778753,census_place
SC,Saint Stephen,33.402629,-79.925194,census_place
SC,Simpsonville,34.728538,-82.256377,census_place
SC,Society Hill,34.509815,-79.853535,census_place
SC,Spartanburg,34.945627,-81.925944,census_place
SC,Summerton,33.601475,-80.352648,census_place
SC,Summerville,33.005836,-80.179306,census_place
SC,Sumter,33.940848,-80.395543,census_place
SC,Timmonsville,34.133127,-79.940961,census_place
SC,Townville,34.521037,-82.880237,census_cousub
SC,Travelers Rest,34.960031,-82.445009,census_place
SC,Trenton,33.740557,-81.840937,census_place
SC,Walterboro,32.901334,-80.676234,census_place
SC,West Columbia,33.990130,-81.099354,census_place
SC,Williston,33.401663,-81.421899,census_place
SC,Winnsboro,34.368598,-81.091378,census_place
SC,Yemassee,32.678312,-80.847883,census_place
SD,Aberdeen,45.464678,-98.468104,census_place
SD,Belle Fourche,44.663798,-103.859143,census_place
SD,Beresford,43.079646,-96.780224,census_place
SD,Blunt,44.515940,-99.988556,census_place
SD,Box Elder,44.110941,-103.081066,census_place
SD,Brandon,43.592908,-96.583769,census_place
SD,Brookings,44.303364,-96.787339,census_place
SD,Burbank,42.746080,-96.832718,census_place
SD,Chamberlain,43.798718,-99.329604,census_place
SD,Colman,43.983473,-96.814745,census_place
SD,Elk Point,42.681224,-96.680480,census_place
SD,Fort Pierre,44.366596,-100.382329,census_place
SD,Freeman,43.347525,-97.430791,census_place
SD,Harrisburg,43.434258,-96.712429,census_place
SD,Hartford,43.621459,-96.934870,census_place
SD,Hermosa,43.840434,-103.189707,census_place
SD,Hot Springs,43.419530,-103.465089,census_place
SD,Huron,44.362341,-98.209571,census_place
SD,Kadoka,43.828613,-101.501241,census_place
SD,Kimball,43.746962,-98.956559,census_place
SD,Lennox,43.349369,-96.894066,census_place
SD,Milbank,45.219432,-96.633696,census_place
SD,Mitchell,43.727072,-98.042192,census_place
SD,Murdo,43.889361,-100.714156,census_place
SD,New Underwood,44.098584,-102.840319,census_place
SD,North Sioux City,42.535885,-96.494717,census_place
SD,Piedmont,44.217739,-103.375634,census_place
SD,Pierre,44.375163,-100.319996,census_place
SD,Plankinton,43.715421,-98.483616,census_place
SD,Rapid City,44.071071,-103.217924,census_place
SD,Selby,45.505730,-100.032904,census_place
SD,Sioux Falls,43.540696,-96.731962,census_place
SD,Spencer,43.727466,-97.591110,census_place
SD,Summit,45.305573,-97.039106,census_place
SD,Tea,43.455626,-96.823997,census_place
SD,Vivian,43.927267,-100.301123,census_place
SD,Volga,44.321832,-96.922207,census_place
SD,Watertown,44.909188,-97.155685,census_place
SD,Winfred,43.998795,-97.361614,census_place
SD,Wolsey,44.410763,-98.473892,census_place
SD,Yankton,42.889751,-97.392687,census_place
TN,Antioch,36.060060,-86.672219,nominatim
TN,Ardmore,35.004441,-86.850713,census_place
TN,Athens,35.456809,-84.604522,census_place
TN,Baxter,36.153678,-85.634922,census_place
TN,Bristol,36.558549,-82.217001,census_place
TN,Bulls Gap,36.261636,-83.078843,census_place
TN,Cedar Grove,36.251720,-86.527772,nominatim
TN,Charleston,35.285693,-84.760797,census_place
TN,Chattanooga,35.065958,-85.248386,census_place
TN,Christiana,35.719269,-86.412922,census_place
TN,Clarksville,36.566430,-87.345216,census_place
TN,Cleveland,35.180044,-84.871288,census_place
TN,Clinton,36.097338,-84.128945,census_place
TN,Columbia,35.625616,-87.044232,census_place
TN,Cookeville,36.146926,-85.512653,census_place
TN,Cornersville,35.363623,-86.857845,census_place
TN,Cross Plains,36.541247,-86.676636,census_place
TN,Crossville,35.953422,-85.030249,census_place
TN,Crump,35.224859,-88.330789,census_place
TN,Cumberland City,36.379739,-87.639869,census_place
TN,Dandridge,36.030124,-83.429831,census_place
TN,Dayton,35.495406,-85.008652,census_place
TN,Denmark,35.532855,-89.003952,nominatim
TN,Dickson,36.063320,-87.368842,census_place
TN,Dyersburg,36.046823,-89.377970,census_place
TN,Fairview,35.982389,-87.127020,census_place
TN,Fayetteville,35.150178,-86.562298,census_place
TN,Franklin,35.914025,-86.852161,census_place
TN,Goodlettsville,36.333030,-86.704229,census_place
TN,Gordonsville,36.186129,-85.931490,census_place
TN,Greeneville,36.168016,-82.819669,census_place
TN,Hartford,35.816765,-83.143207,nominatim
TN,Heiskell,36.081816,-84.053982,nominatim
TN,Hillsboro,35.404432,-85.954094,census_place
TN,Holladay,35.871950,-88.144936,census_place
TN,Hurricane Mills,35.971174,-87.781969,nominatim
TN,Jackson,35.654170,-88.835335,census_place
TN,Jasper,35.068255,-85.621162,census_place
TN,Joelton,36.313108,-86.865277,nominatim
TN,Kingsport,36.519370,-82.543393,census_place
TN,Kingston,35.872669,-84.504486,census_place
TN,Kingston Springs,36.081868,-87.108965,census_place
TN,Knoxville,35.970680,-83.949270,census_place
TN,Kodak,35.974532,-83.626840,nominatim
TN,La Vergne,36.022237,-86.559384,census_place
TN,Lawrenceburg,35.249713,-87.332502,census_place
TN,Lebanon,36.199381,-86.344634,census_place
TN,Lenoir City,35.815836,-84.283015,census_place
TN,Loudon,35.737244,-84.362102,census_place
TN,Manchester,35.464125,-86.072895,census_place
TN,Maryville,35.747810,-83.980234,census_place
TN,Mason,35.412826,-89.541212,census_place
TN,Mc Donald,35.108782,-84.985289,census_place
TN,Memphis,35.109164,-89.968511,census_place
TN,Monteagle,35.235845,-85.850242,census_place
TN,Morrison,35.607118,-85.907448,census_place
TN,Morristown,36.204351,-83.300032,census_place
TN,Mosheim,36.195903,-82.966679,census_place
TN,Mount Juliet,36.199200,-86.509489,census_place
TN,Murfreesboro,35.853915,-86.421224,census_place
TN,Nashville,36.171800,-86.785002,census_place
TN,Newport,35.961624,-83.197624,census_place
TN,Niota,35.517166,-84.549854,census_place
TN,Paris,36.292739,-88.308057,census_place
TN,Pioneer,36.417580,-84.314099,nominatim
TN,Pleasant View,36.389266,-87.045493,census_place
TN,Portland,36.597486,-86.526621,census_place
TN,Pulaski,35.193299,-87.033583,census_place
TN,Ramer,35.071873,-88.614889,census_place
TN,Ripley,35.746081,-89.534107,census_place
TN,Selmer,35.170593,-88.595102,census_place
TN,Smyrna,35.969019,-86.528617,census_place
TN,Stanton,35.461332,-89.401373,census_place
TN,Sweetwater,35.602623,-84.473378,census_place
TN,Tazewell,36.462502,-83.567034,census_place
TN,Unicoi,36.221771,-82.329224,census_place
TN,Union City,36.427088,-89.047720,census_place
TN,White House,36.464899,-86.668477,census_place
TN,White Pine,36.101255,-83.285661,census_place
TN,Wildersville,35.776654,-88.356143,census_place
TX,Abbott,31.885139,-97.074106,census_place
TX,Abilene,32.454514,-99.738147,census_place
TX,Aledo,32.698254,-97.608384,census_place
TX,Alice,27.755616,-98.065812,census_place
TX,Alvarado,32.409379,-97.210786,census_place
TX,Alvord,33.356968,-97.696026,census_place
TX,Amarillo,35.198064,-101.833107,census_place
TX,Anahuac,29.765163,-94.678502,census_place
TX,Andrews,32.321336,-102.551846,census_place
TX,Anna,33.348167,-96.553452,census_place
TX,Anthony,31.986731,-106.598634,census_place
TX,Asherton,28.446118,-99.760322,census_place
TX,Aspermont,33.140921,-100.224867,census_place
TX,Aubrey,33.308550,-96.979088,census_place
TX,Austin,30.298622,-97.754134,census_place
TX,Azle,32.895547,-97.539230,census_place
TX,Baird,32.396067,-99.395993,census_place
TX,Ballinger,31.739146,-99.955413,census_place
TX,Bangs,31.716130,-99.130320,census_place
TX,Bastrop,30.111100,-97.318152,census_place
TX,Beaumont,30.084912,-94.145330,census_place
TX,Beeville,28.405244,-97.748931,census_place
TX,Belton,31.052345,-97.479542,census_place
TX,Benjamin,33.583606,-99.792932,census_place
TX,Big Lake,31.194112,-101.453406,census_place
TX,Big Spring,32.238341,-101.485739,census_place
TX,Blanco,30.098594,-98.417106,census_place
TX,Bogata,33.469793,-95.213550,census_place
TX,Borger,35.659435,-101.402360,census_place
TX,Bowie,33.556959,-97.846101,census_place
TX,Brady,31.115378,-99.345935,census_place
TX,Breckenridge,32.756751,-98.912985,census_place
TX,Brenham,30.158160,-96.395616,census_place
TX,Bridgeport,33.210449,-97.772466,census_place
TX,Bronte,31.886052,-100.295123,census_place
TX,Brownfield,33.175514,-102.273429,census_place
TX,Brownsville,25.995689,-97.450848,census_place
TX,Brownwood,31.712856,-98.977053,census_place
TX,Bryan,30.666016,-96.381049,census_place
TX,Buda,30.080402,-97.855700,census_place
TX,Buffalo,31.458905,-96.066163,census_place
TX,Buna,30.442708,-93.960657,census_place
TX,Burnet,30.750600,-98.238227,census_place
TX,Caddo Mills,33.074543,-96.226924,census_place
TX,Caldwell,30.529807,-96.699724,census_place
TX,Cameron,30.860768,-96.976198,census_place
TX,Canadian,35.909678,-100.383880,census_place
TX,Canton,32.554245,-95.863534,census_place
TX,Canutillo,31.918485,-106.601062,census_place
TX,Canyon,34.990291,-101.918951,census_place
TX,Carrizo Springs,28.525843,-99.859255,census_place
TX,Carrollton,32.989386,-96.899940,census_place
TX,Carthage,32.152046,-94.337111,census_place
TX,Castroville,29.359864,-98.854749,census_place
TX,Catarina,28.350178,-99.615258,census_place
TX,Cedar Creek,30.082341,-97.511120,census_place
TX,Centerville,31.258315,-95.979399,census_place
TX,Chappell Hill,30.141529,-96.256719,nominatim
TX,Childress,34.435452,-100.282382,census_place
TX,Chillicothe,34.255741,-99.514142,census_place
TX,Cisco,32.387425,-98.981920,census_place
TX,Clarendon,34.936913,-100.892111,census_place
TX,Claude,35.107367,-101.362882,census_place
TX,Clifton,31.782037,-97.581879,census_place
TX,Clint,31.590195,-106.228679,census_place
TX,Clyde,32.405586,-99.503918,census_place
TX,Coleman,31.831378,-99.422201,census_place
TX,Colorado City,32.399486,-100.858304,census_place
TX,Comanche,31.900484,-98.604364,census_place
TX,Combes,26.246514,-97.726766,census_place
TX,Comfort,29.972311,-98.904698,census_place
TX,Converse,29.512488,-98.304625,census_place
TX,Corpus Christi,27.754252,-97.173385,census_place
TX,Corrigan,30.998810,-94.827488,census_place
TX,Corsicana,32.082404,-96.466700,census_place
TX,Cotulla,28.436376,-99.236711,census_place
TX,Crane,31.391782,-102.350269,census_place
TX,Cross Plains,32.127068,-99.165775,census_place
TX,Crowell,33.983561,-99.724374,census_place
TX,Cuero,29.102727,-97.287092,census_place
TX,Daingerfield,33.030488,-94.725880,census_place
TX,Dalhart,36.057423,-102.512212,census_place
TX,Dallas,32.793333,-96.766513,census_place
TX,De Leon,32.111350,-98.535156,census_place
TX,Decatur,33.225922,-97.586986,census_place
TX,Del Rio,29.373045,-100.881851,census_place
TX,Denison,33.766936,-96.580667,census_place
TX,Denton,33.217449,-97.141346,census_place
TX,Denver City,32.967871,-102.832225,census_place
TX,Devine,29.145834,-98.904985,census_place
TX,Diboll,31.188315,-94.782885,census_place
TX,Dilley,28.667517,-99.176465,census_place
TX,Donna,26.161050,-98.038929,census_place
TX,Dripping Springs,30.195936,-98.093701,census_place
TX,Dublin,32.087765,-98.338865,census_place
TX,Dumas,35.862020,-101.964972,census_place
TX,Eagle Pass,28.712803,-100.484812,census_place
TX,Early,31.742153,-98.936602,census_place
TX,Eastland,32.402156,-98.817671,census_place
TX,Eden,31.216246,-99.843965,census_place
TX,Edinburg,26.318285,-98.153449,census_place
TX,El Paso,31.847780,-106.431106,census_place
TX,Electra,34.032294,-98.920245,census_place
TX,Elgin,30.354376,-97.391397,census_place
TX,Elmendorf,29.253331,-98.323027,census_place
TX,Encinal,28.040475,-99.354489,census_place
TX,Ennis,32.325067,-96.633799,census_place
TX,Fabens,31.513974,-106.145258,census_place
TX,Fairfield,31.717440,-96.170483,census_place
TX,Falfurrias,27.224410,-98.145191,census_place
TX,Flatonia,29.689710,-97.105205,census_place
TX,Floresville,29.146743,-98.165173,census_place
TX,Fort Stockton,30.892574,-102.884210,census_place
TX,Fort Worth,32.781954,-97.348573,census_place
TX,Franklin,31.025014,-96.487494,census_place
TX,Freer,27.882178,-98.617385,census_place
TX,Friona,34.639434,-102.723118,census_place
TX,Fritch,35.643066,-101.596432,census_place
TX,Gainesville,33.638647,-97.148413,census_place
TX,Garland,32.909826,-96.630334,census_place
TX,Gatesville,31.438667,-97.746027,census_place
TX,George West,28.330000,-98.118304,census_place
TX,Georgetown,30.668136,-97.698744,census_place
TX,Giddings,30.183667,-96.928029,census_place
TX,Glen Rose,32.246824,-97.748052,census_place
TX,Godley,32.458882,-97.532908,census_place
TX,Goldthwaite,31.450806,-98.573520,census_place
TX,Gonzales,29.512549,-97.447205,census_place
TX,Gordon,32.545546,-98.367183,census_place
TX,Granbury,32.432805,-97.775149,census_place
TX,Grand Prairie,32.686108,-97.020804,census_place
TX,Haltom City,32.817698,-97.271152,census_place
TX,Hamilton,31.700387,-98.119669,census_place
TX,Hamshire,29.854808,-94.320712,census_place
TX,Hankamer,29.858276,-94.626862,nominatim
TX,Harlingen,26.191204,-97.697383,census_place
TX,Harrold,34.067570,-99.033091,census_place
TX,Haskell,33.159775,-99.732032,census_place
TX,Haslet,32.966518,-97.337825,census_place
TX,Hawley,32.606696,-99.810163,census_place
TX,Hearne,30.877062,-96.595217,census_place
TX,Hebbronville,27.324984,-98.685665,census_place
TX,Henrietta,33.814307,-98.192773,census_place
TX,Hereford,34.822603,-102.400159,census_place
TX,Hermleigh,32.640775,-100.750485,census_place
TX,Hewitt,31.451248,-97.193315,census_place
TX,Hidalgo,26.108943,-98.246160,census_place
TX,Hillsboro,32.007831,-97.115652,census_place
TX,Hondo,29.354242,-99.161846,census_place
TX,Hooks,33.470695,-94.286542,census_place
TX,Horseshoe Bay,30.540758,-98.380570,census_place
TX,Huntsville,30.700542,-95.554890,census_place
TX,Hutchins,32.643392,-96.709833,census_place
TX,Hutto,30.541624,-97.544249,census_place
TX,Idalou,33.662400,-101.683697,census_place
TX,Ingleside,27.870608,-97.207906,census_place
TX,Iowa Park,33.962773,-98.680872,census_place
TX,Irving,32.857748,-96.970022,census_place
TX,Italy,32.186464,-96.885789,census_place
TX,Jacksboro,33.225763,-98.159169,census_place
TX,Jacksonville,31.959514,-95.265705,census_place
TX,Jarrell,30.810264,-97.615122,census_place
TX,Jasper,30.922681,-93.993251,census_place
TX,Jefferson,32.763494,-94.350835,census_place
TX,Joaquin,31.965579,-94.048368,census_place
TX,Jourdanton,28.914045,-98.540806,census_place
TX,Junction,30.490759,-99.773222,census_place
TX,Karnes City,28.885410,-97.900505,census_place
TX,Kemp,32.437379,-96.226017,census_place
TX,Kermit,31.853923,-103.092395,census_place
TX,Killeen,31.077669,-97.731952,census_place
TX,Kingsville,27.509201,-97.861028,census_place
TX,Kosse,31.307383,-96.629361,census_place
TX,Kyle,29.994118,-97.883322,census_place
TX,La Feria,26.155307,-97.825027,census_place
TX,La Vernia,29.353106,-98.125777,census_place
TX,La Villa,26.296308,-97.926912,census_place
TX,Lamesa,32.733338,-101.953773,census_place
TX,Lampasas,31.064037,-98.182783,census_place
TX,Laredo,27.560379,-99.489181,census_place
TX,Leakey,29.725365,-99.763068,census_place
TX,Lenorah,32.304560,-101.876248,nominatim
TX,Liberty,30.038834,-94.788803,census_place
TX,Liberty Hill,30.663377,-97.905506,census_place
TX,Lindale,32.494132,-95.407344,census_place
TX,Littlefield,33.919183,-102.334804,census_place
TX,Livingston,30.710043,-94.937930,census_place
TX,Llano,30.751007,-98.676524,census_place
TX,Longview,32.520234,-94.761114,census_place
TX,Lorena,31.383111,-97.210204,census_place
TX,Lott,31.206257,-97.033576,census_place
TX,Lubbock,33.561901,-101.888883,census_place
TX,Lufkin,31.322904,-94.729026,census_place
TX,Luling,29.681747,-97.646696,census_place
TX,Lumberton,30.254992,-94.207963,census_place
TX,Lytle,29.234619,-98.793675,census_place
TX,Madisonville,30.954018,-95.909285,census_place
TX,Marble Falls,30.560168,-98.277286,census_place
TX,Marion,29.572568,-98.142941,census_place
TX,Marlin,31.308039,-96.893180,census_place
TX,Marshall,32.539159,-94.353173,census_place
TX,Mason,30.747713,-99.228603,census_place
TX,Mathis,28.090918,-97.817048,census_place
TX,Maxwell,29.881897,-97.795642,nominatim
TX,Mcallen,26.224966,-98.246083,census_place
TX,Memphis,34.726734,-100.541655,census_place
TX,Mentone,31.707438,-103.598875,census_place
TX,Mercedes,26.153818,-97.912907,census_place
TX,Meridian,31.926600,-97.649091,census_place
TX,Merkel,32.469731,-100.011096,census_place
TX,Mesquite,32.766610,-96.599472,nominatim
TX,Mexia,31.680693,-96.483203,census_place
TX,Midland,32.024642,-102.113467,census_place
TX,Midlothian,32.469436,-96.990670,census_place
TX,Milford,32.121506,-96.950010,census_place
TX,Millsap,32.749910,-98.011469,census_place
TX,Mineral Wells,32.823483,-98.078798,census_place
TX,Mission,26.204060,-98.325221,census_place
TX,Monahans,31.655721,-103.083694,census_place
TX,Moore,29.057906,-99.005800,census_place
TX,Morton,33.724820,-102.759210,census_place
TX,Mount Enterprise,31.911639,-94.682767,census_place
TX,Mount Pleasant,33.158236,-94.974468,census_place
TX,Mount Vernon,33.177431,-95.224447,census_place
TX,Muleshoe,34.229179,-102.728380,census_place
TX,Nacogdoches,31.612364,-94.652046,census_place
TX,Natalia,29.185467,-98.852054,census_place
TX,Navasota,30.386399,-96.090734,census_place
TX,Nederland,29.969288,-94.001714,census_place
TX,New Boston,33.461110,-94.419096,census_place
TX,New Braunfels,29.699306,-98.115127,census_place
TX,New Deal,33.732334,-101.844475,census_place
TX,Nixon,29.269670,-97.765876,census_place
TX,Odem,27.946241,-97.587518,census_place
TX,Odessa,31.880461,-102.345314,census_place
TX,Odonnell,32.965202,-101.830842,census_place
TX,Olmito,26.027593,-97.540059,census_place
TX,Orange,30.123528,-93.754548,census_place
TX,Orange Grove,27.956203,-97.938553,census_place
TX,Orla,31.825015,-103.909010,nominatim
TX,Ozona,30.707399,-101.206059,census_place
TX,Paige,30.212944,-97.125841,census_place
TX,Palmer,32.431252,-96.667770,nominatim
TX,Pampa,35.547852,-100.965032,census_place
TX,Panhandle,35.346300,-101.380508,census_place
TX,Paris,33.668929,-95.546616,census_place
TX,Pearsall,28.892921,-99.097169,census_place
TX,Pecos,31.471918,-103.701761,census_cousub
TX,Perryton,36.392868,-100.797656,census_place
TX,Pflugerville,30.447765,-97.602116,census_place
TX,Pharr,26.163436,-98.193890,census_place
TX,Plains,33.188330,-102.821478,census_place
TX,Plainview,34.191119,-101.723501,census_place
TX,Pleasanton,28.964207,-98.495690,census_place
TX,Post,33.190910,-101.381519,census_place
TX,Prairie Hill,31.654254,-96.782864,census_cousub
TX,Premont,27.358516,-98.124430,census_place
TX,Pyote,31.538066,-103.122483,census_place
TX,Quanah,34.295366,-99.742889,census_place
TX,Queen City,33.150196,-94.153230,census_place
TX,Ranger,32.469491,-98.675740,census_place
TX,Rankin,31.225360,-101.939438,census_place
TX,Red Oak,32.509552,-96.783980,census_place
TX,Refugio,28.307445,-97.274981,census_place
TX,Rhome,33.078895,-97.493199,census_place
TX,Rice,32.239260,-96.497380,census_place
TX,Rio Grande City,26.380999,-98.821478,census_place
TX,Riviera,27.299534,-97.798090,census_place
TX,Roanoke,33.014743,-97.229034,census_place
TX,Roans Prairie,30.583655,-95.943324,nominatim
TX,Robert Lee,31.895705,-100.485006,census_place
TX,Robstown,27.793971,-97.669163,census_place
TX,Rockport,28.047649,-97.049971,census_place
TX,Rockwall,32.918056,-96.438050,census_place
TX,Ropesville,33.413336,-102.155104,census_place
TX,Roscoe,32.441934,-100.532231,census_place
TX,Round Mountain,30.394346,-98.361174,census_place
TX,Royse City,32.975927,-96.314662,census_place
TX,Salado,30.948383,-97.528337,census_place
TX,San Angelo,31.441078,-100.450499,census_place
TX,San Antonio,29.462809,-98.524635,census_place
TX,San Augustine,31.529899,-94.110894,census_place
TX,San Marcos,29.873610,-97.936725,census_place
TX,Sanger,33.382098,-97.165412,census_place
TX,Santa Anna,31.623670,-99.321602,census_cousub
TX,Santo,32.605585,-98.213845,census_place
TX,Schertz,29.563327,-98.250866,census_place
TX,Seagoville,32.653383,-96.545058,census_place
TX,Seguin,29.590227,-97.968607,census_place
TX,Seminole,32.722204,-102.649814,census_place
TX,Seymour,33.595233,-99.258469,census_place
TX,Shamrock,35.215401,-100.246085,census_place
TX,Sierra Blanca,31.183426,-105.339540,census_place
TX,Silverton,34.471372,-101.304049,census_place
TX,Sinton,28.037188,-97.501457,census_place
TX,Slaton,33.445473,-101.650918,census_place
TX,Smyer,33.587382,-102.163501,census_place
TX,Snyder,32.713561,-100.911902,census_place
TX,Sonora,30.570654,-100.641768,census_place
TX,Sour Lake,30.137746,-94.404277,census_place
TX,Springtown,32.969300,-97.680424,census_place
TX,Spur,33.476582,-100.850215,census_place
TX,Stamford,33.046193,-99.597021,census_place
TX,Stanton,32.131695,-101.792457,census_place
TX,Stephenville,32.214544,-98.219885,census_place
TX,Sterling City,31.839175,-100.985878,census_place
TX,Stockdale,29.235974,-97.963888,census_place
TX,Stratford,36.337568,-102.076030,census_place
TX,Sudan,34.066414,-102.524194,census_place
TX,Sulphur Springs,33.143108,-95.614702,census_place
TX,Sweetwater,32.469389,-100.408651,census_place
TX,Teague,31.629487,-96.280818,census_place
TX,Temple,31.104936,-97.388512,census_place
TX,Tenaha,31.943709,-94.245706,census_place
TX,Terrell,32.725827,-96.298003,census_place
TX,Texarkana,33.449204,-94.085008,census_place
TX,Texline,36.376494,-103.018876,census_place
TX,Three Rivers,28.466853,-98.177947,census_place
TX,Tilden,28.459855,-98.548677,census_place
TX,Timpson,31.906912,-94.397056,census_place
TX,Trenton,33.426257,-96.344594,census_place
TX,Trinity,30.944452,-95.373563,census_place
TX,Troy,31.193982,-97.300358,census_place
TX,Tulia,34.537864,-101.774434,census_place
TX,Tuscola,32.211560,-99.798256,census_place
TX,Tye,32.452218,-99.866537,census_place
TX,Uvalde,29.215184,-99.777215,census_place
TX,Van Horn,31.040672,-104.834154,census_place
TX,Vega,35.245302,-102.429247,census_place
TX,Vernon,34.147664,-99.300427,census_place
TX,Vidor,30.128139,-93.991733,census_place
TX,Von Ormy,29.277391,-98.657373,census_place
TX,Waco,31.557994,-97.189750,census_place
TX,Wall,31.374346,-100.303660,nominatim
TX,Waxahachie,32.402480,-96.844493,census_place
TX,Weatherford,32.753190,-97.771944,census_place
TX,Weslaco,26.160549,-97.987654,census_place
TX,White Deer,35.433397,-101.175846,census_place
TX,Whitesboro,33.659580,-96.903694,census_place
TX,Whitney,31.952447,-97.319770,census_place
TX,Wichita Falls,33.906654,-98.525848,census_place
TX,Wickett,31.567325,-103.005948,census_place
TX,Wilmer,32.599015,-96.681585,census_place
TX,Winfield,33.165434,-95.111225,census_place
TX,Wink,31.754497,-103.154117,census_place
TX,Winnie,29.816716,-94.380673,census_place
TX,Winters,31.949127,-99.959308,census_place
TX,Wolfforth,33.509016,-102.005082,census_place
TX,Woodville,30.774433,-94.422454,census_place
TX,Woodway,31.498334,-97.230789,census_place
TX,Wylie,33.029144,-96.527041,census_place
UT,American Fork,40.377877,-111.795074,census_place
UT,Beaver,38.275872,-112.638098,census_place
UT,Brigham City,41.505904,-112.051418,census_place
UT,Castle Dale,39.221661,-111.022676,census_place
UT,Cedar City,37.683818,-113.095540,census_place
UT,Clearfield,41.097012,-112.017920,census_place
UT,Corinne,41.551464,-112.125015,census_place
UT,Draper,40.497150,-111.864636,census_place
UT,Fillmore,38.964264,-112.338679,census_place
UT,Green River,38.993460,-110.173424,census_place
UT,Gunnison,39.156930,-111.813516,census_place
UT,Helper,39.689628,-110.859599,census_place
UT,Logan,41.740256,-111.841764,census_place
UT,Magna,40.753425,-112.108516,census_cousub
UT,Moab,38.570085,-109.547813,census_place
UT,Mona,39.811804,-111.841529,census_place
UT,Monticello,37.868534,-109.336200,census_place
UT,Myton,40.193265,-110.062512,census_place
UT,Nephi,39.704697,-111.833350,census_place
UT,North Salt Lake,40.847116,-111.918780,census_place
UT,Ogden,41.228391,-111.968147,census_place
UT,Orem,40.298065,-111.699445,census_place
UT,Park City,40.657328,-111.493756,census_place
UT,Parowan,37.832579,-112.829623,census_place
UT,Plymouth,41.873587,-112.146778,census_place
UT,Richfield,38.761311,-112.092861,census_place
UT,Riverton,40.517634,-111.963515,census_place
UT,Roosevelt,40.287727,-109.987983,census_place
UT,SALINA,38.938839,-111.865209,census_place
UT,Saint George,37.077006,-113.576534,census_place
UT,Salina,38.938839,-111.865209,census_place
UT,Salt Lake City,40.776928,-111.930991,census_place
UT,Santaquin,39.969893,-111.794431,census_place
UT,Scipio,39.249080,-112.104411,census_place
UT,Snowville,41.972822,-112.716407,census_place
UT,Springville,40.164273,-111.619525,census_place
UT,Tooele,40.539396,-112.307843,census_place
UT,Tremonton,41.718352,-112.187837,census_place
UT,Vernal,40.451701,-109.538007,census_place
UT,Washington,37.126676,-113.487759,census_place
UT,Wellington,39.535860,-110.734374,census_place
UT,Wellsville,41.623416,-111.942094,census_place
UT,Wendover,40.724025,-114.025097,census_place
UT,West Jordan,40.602666,-112.001255,census_place
UT,Willard,41.403172,-112.042539,census_place
UT,Woods Cross,40.873190,-111.917773,census_place
VA,Amelia Court House,37.335858,-77.986639,census_place
VA,Ashland,37.760417,-77.472414,census_place
VA,Atkins,36.866981,-81.398577,census_place
VA,Austinville,36.851018,-80.914507,census_place
VA,Bassett,36.761517,-79.986551,census_place
VA,Bastian,37.153528,-81.152495,census_place
VA,Bealeton,38.583015,-77.778763,census_place
VA,Blairs,36.699268,-79.378910,census_place
VA,Bland,37.099492,-81.115765,census_place
VA,Bracey,36.581233,-78.113798,census_place
VA,Bristol,36.616954,-82.157564,census_place
VA,Broadway,38.608485,-78.801366,census_place
VA,Cape Charles,37.249726,-76.014156,census_place
VA,Chantilly,38.889180,-77.442088,census_place
VA,Charlottesville,38.037658,-78.485381,census_place
VA,Chesapeake,36.679376,-76.301788,census_place
VA,Chester,37.352045,-77.433695,census_place
VA,Chesterfield,37.377793,-77.504670,nominatim
VA,Christiansburg,37.140663,-80.404512,census_place
VA,Clear Brook,39.256491,-78.096111,nominatim
VA,Colonial Heights,37.261685,-77.396804,census_place
VA,Covington,37.781060,-79.985434,census_place
VA,Cross Junction,39.320378,-78.293338,nominatim
VA,Culpeper,38.470292,-77.999764,census_place
VA,Danville,36.583334,-79.408071,census_place
VA,Disputanta,37.123551,-77.224856,census_place
VA,Doswell,37.860140,-77.464149,nominatim
VA,Drewryville,36.735948,-77.311206,census_cousub
VA,Dublin,37.105503,-80.689700,census_place
VA,Duffield,36.719629,-82.795967,census_place
VA,Elliston,37.223009,-80.215723,census_place
VA,Emporia,36.696182,-77.535975,census_place
VA,Fairfax,38.853183,-77.299025,census_place
VA,Fancy Gap,36.671304,-80.701083,census_place
VA,Franklin,36.684014,-76.941396,census_place
VA,Fredericksburg,38.299272,-77.486658,census_place
VA,Front Royal,38.924952,-78.183426,census_place
VA,Glade Spring,36.789944,-81.772253,census_place
VA,Gladstone,37.546809,-78.849462,nominatim
VA,Gordonsville,38.135552,-78.187406,census_place
VA,Gum Spring,37.775526,-77.896811,nominatim
VA,Hampton,37.047961,-76.297293,census_place
VA,Harrisonburg,38.436255,-78.873303,census_place
VA,Henrico,37.629476,-77.518903,nominatim
VA,Hillsville,36.761614,-80.736704,census_place
VA,Hopewell,37.291010,-77.298944,census_place
VA,Keysville,37.038989,-78.480437,census_place
VA,King George,38.279436,-77.184308,census_place
VA,Lambsburg,36.585408,-80.761182,nominatim
VA,Lanexa,37.423757,-76.901075,nominatim
VA,Leesburg,39.106396,-77.559195,census_place
VA,Lexington,37.782332,-79.444320,census_place
VA,Lorton,38.698722,-77.216649,census_place
VA,Lynchburg,37.399016,-79.195458,census_place
VA,Madison Heights,37.450301,-79.108210,census_place
VA,Manassas,38.746808,-77.482633,census_place
VA,Martinsville,36.683527,-79.863647,census_place
VA,Max Meadows,36.978941,-80.961796,census_place
VA,Meadowview,36.763746,-81.883540,census_place
VA,Midlothian,37.484382,-77.649577,census_place
VA,Montvale,37.385171,-79.725502,census_place
VA,Mount Crawford,38.360875,-78.941035,census_place
VA,Mount Jackson,38.738878,-78.650918,census_place
VA,New Church,37.983247,-75.529065,census_place
VA,Newport News,37.076136,-76.521980,census_place
VA,Norfolk,36.923015,-76.244641,census_place
VA,Orange,38.247845,-78.113187,census_place
VA,Petersburg,37.204730,-77.392368,census_place
VA,Portsmouth,36.859339,-76.356973,census_place
VA,Pound,37.126086,-82.607340,census_place
VA,Powhatan,37.542121,-77.927083,census_place
VA,Providence Forge,37.442426,-77.043958,nominatim
VA,Quinton,37.532789,-77.115445,nominatim
VA,Raphine,37.937355,-79.232810,nominatim
VA,Richmond,37.531399,-77.476009,census_place
VA,Ridgeway,36.578174,-79.858290,census_place
VA,Roanoke,37.278458,-79.958174,census_place
VA,Rockville,37.725978,-77.678324,nominatim
VA,Rocky Mount,37.004398,-79.884762,census_place
VA,Rosedale,36.959278,-81.931235,nominatim
VA,Ruckersville,38.228054,-78.377478,census_place
VA,Rural Retreat,36.905132,-81.277250,census_place
VA,Rustburg,37.272189,-79.100105,census_place
VA,Ruther Glen,37.940875,-77.461865,nominatim
VA,Salem,37.285333,-80.055241,census_place
VA,Sandston,37.513062,-77.313008,census_place
VA,Skippers,36.611817,-77.546646,nominatim
VA,South Boston,36.711825,-78.913354,census_place
VA,South Hill,36.725662,-78.128886,census_place
VA,Springfield,38.781571,-77.183921,census_place
VA,Staunton,38.157978,-79.061876,census_place
VA,Sterling,39.004733,-77.405368,census_place
VA,Stony Creek,36.948010,-77.400067,census_place
VA,Suffolk,36.697157,-76.634781,census_place
VA,Toms Brook,38.946542,-78.440046,census_place
VA,Townsend,37.184981,-75.958473,nominatim
VA,Troutville,37.416654,-79.878096,census_place
VA,Troy,37.950974,-78.246393,nominatim
VA,Virginia Beach,36.779525,-76.029142,census_place
VA,Warfield,36.895984,-77.818997,census_place
VA,Warrenton,38.717817,-77.797316,census_place
VA,Warsaw,37.960351,-76.760950,census_place
VA,Waynesboro,38.067157,-78.901420,census_place
VA,Winchester,39.173869,-78.176356,census_place
VA,Woodford,38.113189,-77.408871,nominatim
VA,Wytheville,36.953385,-81.088438,census_place
VT,Alburgh,44.976728,-73.302570,census_place
VT,Bellows Falls,43.134554,-72.459088,census_place
VT,Brattleboro,42.861623,-72.559216,census_place
VT,Derby,44.951696,-72.136303,census_cousub
VT,Fair Haven,43.592783,-73.268898,census_place
VT,Ferrisburgh,44.203133,-73.279196,census_cousub
VT,Montpelier,44.266448,-72.571524,census_place
VT,Rutland,43.609670,-72.977788,census_place
VT,Saint Albans,44.811538,-73.084462,census_place
VT,Saint Johnsbury,44.430445,-72.008582,census_place
VT,Springfield,43.296641,-72.481870,census_place
VT,Swanton,44.924538,-73.119353,census_place
VT,Wells River,44.156476,-72.067979,census_place
WA,Arlington,48.170372,-122.144553,census_place
WA,Bellingham,48.753442,-122.470179,census_place
WA,Blaine,48.987190,-122.748770,census_place
WA,Castle Rock,46.271858,-122.903925,census_place
WA,Chehalis,46.664176,-122.965425,census_place
WA,Ellensburg,47.000124,-120.549540,census_place
WA,Federal Way,47.311596,-122.337757,census_place
WA,Ferndale,48.853366,-122.590232,census_place
WA,George,47.083149,-119.861683,census_place
WA,Granger,46.345295,-120.192673,census_place
WA,Kalama,46.017142,-122.841937,census_place
WA,Kent,47.387970,-122.212727,census_place
WA,Longview,46.145707,-122.964299,census_place
WA,Marysville,48.080214,-122.154312,census_place
WA,Moses Lake,47.127850,-119.276384,census_place
WA,North Bend,47.487967,-121.768786,census_place
WA,Olympia,47.040604,-122.895000,census_place
WA,Omak,48.422338,-119.530623,census_place
WA,Pasco,46.266113,-119.121426,census_place
WA,Prosser,46.209022,-119.767753,census_place
WA,Ritzville,47.123041,-118.375332,census_place
WA,Rock Island,47.373167,-120.142076,census_place
WA,Seattle,47.619335,-122.351538,census_place
WA,Spokane,47.666935,-117.433322,census_place
WA,Sprague,47.304889,-117.971290,census_place
WA,Sumner,47.227215,-122.236264,census_place
WA,Sunnyside,46.315712,-120.005762,census_place
WA,Tacoma,47.252199,-122.459832,census_place
WA,Thorp,47.065483,-120.670837,census_place
WA,Toledo,46.444721,-122.852230,census_place
WA,Toppenish,46.380242,-120.312583,census_place
WA,Tumwater,46.989463,-122.917277,census_place
WA,Wapato,46.443632,-120.421507,census_place
WA,Wenatchee,47.435985,-120.329266,census_place
WA,Yakima,46.590938,-120.549400,census_place
WI,Abbotsford,44.943486,-90.317339,census_place
WI,Adams,43.955240,-89.816548,census_place
WI,Altoona,44.799963,-91.439585,census_place
WI,Amery,45.304590,-92.363356,census_place
WI,Antigo,45.141269,-89.155225,census_place
WI,Appleton,44.278873,-88.388284,census_place
WI,Arcadia,44.248575,-91.491545,census_place
WI,Ashland,46.581760,-90.871898,census_place
WI,Baldwin,44.954482,-92.371588,census_place
WI,Baraboo,43.468072,-89.738387,census_place
WI,Barneveld,43.012213,-89.898168,census_place
WI,Barron,45.402192,-91.844350,census_place
WI,Bear Creek,44.531318,-88.727536,census_place
WI,Beaver Dam,43.468105,-88.830900,census_place
WI,Belgium,43.501807,-87.847551,census_place
WI,Belleville,42.864018,-89.539616,census_place
WI,Belmont,42.737670,-90.334326,census_place
WI,Beloit,42.523506,-89.017660,census_place
WI,Berlin,43.969729,-88.950033,census_place
WI,Big Bend,42.883895,-88.203596,census_place
WI,Black Earth,43.134619,-89.747354,census_place
WI,Black River Falls,44.298452,-90.842787,census_place
WI,Blair,44.327131,-91.299402,census_place
WI,Bloomer,45.102828,-91.491540,census_place
WI,Bonduel,44.737994,-88.451350,census_place
WI,Boscobel,43.147132,-90.705141,census_place
WI,Brillion,44.173510,-88.067823,census_place
WI,Bristol,42.532323,-88.009098,census_place
WI,Brodhead,42.616836,-89.375604,census_place
WI,Brownsville,43.614608,-88.495215,census_place
WI,Burlington,42.675249,-88.271871,census_place
WI,Butler,43.108448,-88.072232,census_place
WI,Cadott,44.949802,-91.153760,census_place
WI,Cameron,45.403592,-91.739750,census_place
WI,Camp Douglas,43.919721,-90.269703,census_place
WI,Cedar Grove,43.568247,-87.822969,census_place
WI,Chilton,44.030188,-88.161667,census_place
WI,Chippewa Falls,44.934653,-91.389165,census_place
WI,Clintonville,44.622120,-88.751714,census_place
WI,Colgate,43.192830,-88.206774,nominatim
WI,Coloma,44.038651,-89.531148,census_place
WI,Columbus,43.336805,-89.029988,census_place
WI,Combined Locks,44.261995,-88.309534,census_place
WI,Cottage Grove,43.092222,-89.205337,census_place
WI,Crivitz,45.233350,-88.006947,census_place
WI,Cumberland,45.536073,-92.024753,census_place
WI,Curtiss,44.952767,-90.439585,census_place
WI,Darien,42.599001,-88.714273,census_place
WI,Darlington,42.676355,-90.120520,census_place
WI,De Forest,43.227335,-89.345702,census_place
WI,De Pere,44.430990,-88.079936,census_place
WI,Denmark,44.349336,-87.831198,census_place
WI,Dodgeville,42.966011,-90.129717,census_place
WI,Durand,44.622405,-91.960308,census_place
WI,East Troy,42.785184,-88.395573,census_place
WI,Eau Claire,44.818343,-91.494769,census_place
WI,Edgar,44.922851,-89.962611,census_place
WI,Edgerton,42.838947,-89.069571,census_place
WI,Elkhorn,42.671601,-88.536256,census_place
WI,Endeavor,43.714386,-89.469166,census_place
WI,Fennimore,42.979388,-90.649170,census_place
WI,Fond Du Lac,43.772182,-88.440264,census_place
WI,Fort Atkinson,42.923982,-88.845488,census_place
WI,Fox Lake,43.561568,-88.914752,census_place
WI,Francis Creek,44.200532,-87.720911,census_place
WI,Franksville,42.760019,-87.913413,nominatim
WI,Fremont,44.259933,-88.870137,census_place
WI,Friendship,43.971746,-89.820016,census_place
WI,Green Bay,44.521542,-87.986568,census_place
WI,Hartford,43.322467,-88.377737,census_place
WI,Hartland,43.102352,-88.335595,census_place
WI,Hayward,46.006588,-91.489684,census_place
WI,Hixton,44.383081,-91.014800,census_place
WI,Holmen,43.970767,-91.265783,census_place
WI,Horicon,43.445001,-88.640328,census_place
WI,Hortonville,44.335766,-88.636599,census_place
WI,Hudson,44.963882,-92.730253,census_place
WI,Janesville,42.684698,-89.013170,census_place
WI,Jefferson,43.003955,-88.808473,census_place
WI,Johnson Creek,43.079053,-88.771069,census_place
WI,Kaukauna,44.277748,-88.265130,census_place
WI,Kenosha,42.587526,-87.879996,census_place
WI,Kewaskum,43.518028,-88.231528,census_place
WI,Kieler,42.582306,-90.605183,census_place
WI,La Crosse,43.824685,-91.224616,census_place
WI,Ladysmith,45.460974,-91.097573,census_place
WI,Lake Mills,43.077639,-88.906411,census_place
WI,Larsen,44.191650,-88.623999,nominatim
WI,Lena,44.953037,-88.047325,census_place
WI,Little Chute,44.291128,-88.320399,census_place
WI,Lomira,43.594248,-88.443216,census_place
WI,Luxemburg,44.544662,-87.706567,census_place
WI,Lyndon Station,43.708788,-89.893654,census_place
WI,Madison,43.087815,-89.429856,census_place
WI,Manitowoc,44.097981,-87.678945,census_place
WI,Maribel,44.278597,-87.802126,census_place
WI,Marinette,45.086794,-87.632443,census_place
WI,Marshall,43.170486,-89.062647,census_place
WI,Marshfield,44.663291,-90.171736,census_place
WI,Mauston,43.799976,-90.079554,census_place
WI,Medford,45.135433,-90.343502,census_place
WI,Menasha,44.212338,-88.427357,census_place
WI,Menomonie,44.889200,-91.909570,census_place
WI,Merrill,45.180635,-89.700339,census_place
WI,Middleton,43.106959,-89.506340,census_place
WI,Milton,42.774675,-88.939991,census_place
WI,Milwaukee,43.063348,-87.966695,census_place
WI,Mondovi,44.570255,-91.666851,census_place
WI,Monroe,42.603019,-89.637626,census_place
WI,Mount Horeb,43.005999,-89.731575,census_place
WI,Mukwonago,42.852988,-88.320626,census_place
WI,Necedah,44.022091,-90.075051,census_place
WI,Neenah,44.164925,-88.479628,census_place
WI,Neillsville,44.560316,-90.590781,census_place
WI,New Berlin,42.972000,-88.129168,census_place
WI,New Holstein,43.949222,-88.094881,census_place
WI,New Lisbon,43.875292,-90.162379,census_place
WI,New London,44.395910,-88.738610,census_place
WI,New Richmond,45.124977,-92.547938,census_place
WI,Oak Creek,42.878693,-87.898676,census_place
WI,Oakdale,43.962167,-90.379118,census_place
WI,Omro,44.038973,-88.736994,census_place
WI,Onalaska,43.889658,-91.204356,census_place
WI,Oostburg,43.624134,-87.788108,census_place
WI,Osceola,45.319253,-92.695792,census_place
WI,Oshkosh,44.023168,-88.562260,census_place
WI,Osseo,44.579831,-91.213829,census_place
WI,Park Falls,45.936339,-90.444272,census_place
WI,Peshtigo,45.056922,-87.744077,census_place
WI,Pewaukee,43.076508,-88.250427,census_place
WI,Phillips,45.694035,-90.401420,census_place
WI,Plainfield,44.217499,-89.496926,census_place
WI,Platteville,42.727923,-90.468103,census_place
WI,Plover,44.462020,-89.537971,census_place
WI,Plymouth,43.745274,-87.965322,census_place
WI,Portage,43.548951,-89.465866,census_place
WI,Poynette,43.392165,-89.404787,census_place
WI,Prairie Du Chien,43.041618,-91.135408,census_place
WI,Prairie Du Sac,43.293928,-89.735231,census_place
WI,Prentice,45.541224,-90.292805,census_place
WI,Pulaski,44.668206,-88.234279,census_place
WI,Redgranite,44.053283,-89.115869,census_place
WI,Reedsburg,43.535051,-89.995509,census_place
WI,Rhinelander,45.634283,-89.429947,census_place
WI,Rice Lake,45.481992,-91.745762,census_place
WI,Richfield,43.239390,-88.234017,census_place
WI,Richland Center,43.340476,-90.383420,census_place
WI,Ripon,43.843560,-88.837936,census_place
WI,River Falls,44.860850,-92.625708,census_place
WI,Roberts,44.973298,-92.550082,census_place
WI,Saint Croix Falls,45.411370,-92.624694,census_place
WI,Saukville,43.388946,-87.943896,census_place
WI,Schofield,44.913348,-89.621478,census_place
WI,Seymour,44.542908,-88.312718,nominatim
WI,Sheboygan,43.738713,-87.731531,census_place
WI,Sheboygan Falls,43.729279,-87.826235,census_place
WI,Shullsburg,42.573323,-90.234765,census_place
WI,Somerset,45.125706,-92.672961,census_place
WI,Sparta,43.938249,-90.812705,census_place
WI,Spencer,44.753615,-90.298465,census_place
WI,Spooner,45.825917,-91.886125,census_place
WI,Stanley,44.959383,-90.943719,census_place
WI,Stevens Point,44.525300,-89.550377,census_place
WI,Sturgeon Bay,44.822676,-87.369806,census_place
WI,Sturtevant,42.698900,-87.901553,census_place
WI,Suamico,44.626729,-88.033045,census_place
WI,Superior,46.670434,-92.094614,census_place
WI,Sussex,43.134854,-88.226041,census_place
WI,Thorp,44.957957,-90.802185,census_place
WI,Tomah,43.988010,-90.501380,census_place
WI,Trego,45.905802,-91.831060,census_place
WI,Turtle Lake,45.376327,-92.131472,census_cousub
WI,Two Rivers,44.156137,-87.577352,census_place
WI,Verona,42.991265,-89.539247,census_place
WI,Viroqua,43.560622,-90.886155,census_place
WI,Watertown,43.189405,-88.728910,census_place
WI,Waukesha,42.984753,-88.247188,census_place
WI,Waupaca,44.350048,-89.070003,census_place
WI,Waupun,43.631547,-88.737534,census_place
WI,Wausau,44.961766,-89.646538,census_place
WI,West Bend,43.417492,-88.181685,census_place
WI,West Salem,43.898534,-91.087453,census_place
WI,Whitewater,42.837439,-88.734282,census_place
WI,Wilson,44.958611,-92.170494,census_place
WI,Windsor,43.245704,-89.281518,census_place
WI,Winneconne,44.111314,-88.711977,census_place
WI,Wisconsin Dells,43.638365,-89.775760,census_place
WI,Wisconsin Rapids,44.392923,-89.826749,census_place
WI,Wittenberg,44.826881,-89.166583,census_place
WI,Wonewoc,43.653477,-90.224242,census_place
WI,Woodruff,45.894436,-89.691154,census_place
WV,Beckley,37.773148,-81.161550,census_place
WV,Bruceton Mills,39.659396,-79.640606,census_place
WV,Buckhannon,38.992734,-80.228243,census_place
WV,Charleston,38.348692,-81.632324,census_place
WV,Chester,40.612924,-80.562730,census_place
WV,Elkins,38.923719,-79.854260,census_place
WV,Ellenboro,39.270009,-81.055655,census_place
WV,Fairmont,39.476877,-80.149089,census_place
WV,Falling Waters,39.563771,-77.887544,census_place
WV,Gassaway,38.666723,-80.770361,census_place
WV,Huntington,38.410651,-82.434689,census_place
WV,Hurricane,38.427474,-82.018082,census_place
WV,Inwood,39.353822,-78.055191,census_place
WV,Ivydale,38.310097,-81.704569,nominatim
WV,Jane Lew,39.110783,-80.408009,census_place
WV,Kearneysville,39.388156,-77.885552,nominatim
WV,Martinsburg,39.457769,-77.978212,census_place
WV,Mineral Wells,39.181198,-81.513616,census_place
WV,Moorefield,39.067419,-78.962411,census_place
WV,Morgantown,39.637487,-79.946856,census_place
WV,Mount Nebo,39.602305,-79.707830,nominatim
WV,New Martinsville,39.645553,-80.862670,census_place
WV,Nitro,38.411614,-81.807811,census_place
WV,Parkersburg,39.261278,-81.543350,census_place
WV,Richwood,38.222444,-80.537959,census_place
WV,Ripley,38.821616,-81.709312,census_place
WV,Sutton,38.667772,-80.713461,census_place
WV,Teays,38.441757,-81.952912,nominatim
WV,Valley Grove,40.086261,-80.577049,census_place
WV,West Union,39.296785,-80.776020,census_place
WY,Alpine,43.160393,-111.014752,census_place
WY,Buffalo,44.338545,-106.715344,census_place
WY,Burns,41.190871,-104.359035,census_place
WY,Casper,42.842120,-106.321282,census_place
WY,Cheyenne,41.128702,-104.790778,census_place
WY,Cokeville,42.079237,-110.951898,census_place
WY,Douglas,42.754773,-105.397802,census_place
WY,Evanston,41.260088,-110.963739,census_place
WY,Evansville,42.875985,-106.267750,census_place
WY,Fort Bridger,41.318335,-110.389387,census_place
WY,Gillette,44.272580,-105.498936,census_place
WY,Green River,41.512922,-109.470796,census_place
WY,Laramie,41.305955,-105.608637,census_place
WY,Little America,41.549363,-109.884876,census_place
WY,Lovell,44.835801,-108.391889,census_place
WY,Lusk,42.761259,-104.458403,census_place
WY,Lyman,41.327540,-110.297449,census_place
WY,Midwest,43.410768,-106.277289,census_place
WY,Mills,42.849882,-106.390830,census_place
WY,Moorcroft,44.264483,-104.947564,census_place
WY,Newcastle,43.850271,-104.196487,census_place
WY,Pine Bluffs,41.180212,-104.074782,census_place
WY,Rawlins,41.785130,-107.224653,census_place
WY,Riverton,43.026256,-108.381303,census_place
WY,Rock Springs,41.594705,-109.220921,census_place
WY,Sheridan,44.796219,-106.964166,census_place
WY,Sinclair,41.776084,-107.119940,census_place
WY,Thayne,42.919886,-110.995255,census_place
WY,Thermopolis,43.647615,-108.214538,census_place
WY,Torrington,42.065050,-104.173528,census_place
WY,Wamsutter,41.667977,-107.979142,census_place
WY,Wheatland,42.051706,-104.959472,census_place
WY,Worland,44.020402,-107.961653,census_place
WY,Wright,43.749153,-105.494834,census_place
